client_contact_id,phone,email
1,799.462.6391,jody36@example.com
2,(276)985-0588,lsanders@example.org
3,001-448-410-4916x6754,whughes@example.org
4,001-587-927-2744x204,rhondavazquez@example.net
5,364.702.9502x96234,romerojessica@example.org
6,921-828-4249x79298,icollins@example.org
7,969.594.7677,edward95@example.org
8,(288)378-9640,torressarah@example.com
9,+1-981-839-9922,jonathan46@example.com
10,734.293.2234x255,dsalazar@example.org
11,307-818-4834x690,madelineharrison@example.org
12,9449522032,jessicaperez@example.net
13,001-576-717-3661,mayscarolyn@example.com
14,001-629-550-7398,davisdavid@example.com
15,(585)322-9796x9149,cohenmark@example.org
16,(297)581-6950x341,thomasjennifer@example.org
17,+1-822-563-5110x20481,eprice@example.net
18,507-279-7351,bethanydunn@example.org
19,+1-785-975-6472x7313,brandy00@example.com
20,565.941.1178x49355,fieldsjohn@example.org
21,435.910.0683,brandonjones@example.org
22,+1-247-486-0768x7161,molinaaustin@example.org
23,842-749-2982x72753,victoriaramirez@example.net
24,218-308-2608x19009,tiffany57@example.org
25,955.690.4290x9169,qhenderson@example.org
26,(475)709-5259x9659,harrischristina@example.net
27,617.995.3434x514,gilltroy@example.org
28,744.375.4449,kdelacruz@example.net
29,+1-652-334-3540,amandahorne@example.net
30,809.941.7758x117,jackbates@example.net
31,(566)762-7448x48550,eadams@example.net
32,204.902.8982x63128,davidbrown@example.net
33,414.547.5566x4868,kberry@example.com
34,001-211-553-9341x2085,terryrichardson@example.com
35,8388799425,curtismichael@example.org
36,219-592-1426,fowlercrystal@example.com
37,533.212.7825,lharris@example.net
38,(482)651-8500x86446,gpatel@example.com
39,(528)978-4102x745,fisheredward@example.org
40,678.407.8409x24913,mooremichelle@example.net
41,+1-456-930-6432x54485,jerry71@example.org
42,802.511.4729,coopertimothy@example.net
43,329.694.6246x2973,ikim@example.com
44,642.278.0167x145,rossemily@example.org
45,843.997.6722,delacruzjames@example.org
46,(992)651-1554x022,lopezamanda@example.net
47,5604222947,agibson@example.net
48,(524)958-5457,orozcomary@example.net
49,745-508-0144,tammy54@example.com
50,001-295-930-1582,shunter@example.net
51,(915)991-4831x9151,qanderson@example.net
52,001-824-653-2406,alexshaffer@example.net
53,+1-786-926-7767,yangbrandon@example.org
54,3729753861,pricekelly@example.net
55,+1-667-327-2654x42058,matthewsheather@example.net
56,(962)240-6348,curtischan@example.net
57,380.444.1038,hmathews@example.org
58,001-762-659-5964x765,jacobhunt@example.org
59,001-728-733-9912x534,griffithjesse@example.net
60,282-378-6654,jennifer18@example.net
61,655-725-8690x0996,ebolton@example.com
62,834-628-1952,smithmark@example.com
63,2213131382,zacharyallen@example.com
64,8418366414,fuentesmegan@example.org
65,001-715-906-4370x957,victoriamccoy@example.org
66,001-312-496-5537,natalieescobar@example.org
67,778.390.0475x11031,cbutler@example.net
68,6998234342,brendacarrillo@example.org
69,334.328.9401x2925,gsanford@example.org
70,774-485-6971,medinabeverly@example.com
71,001-241-877-9647x557,adam10@example.org
72,418.446.9821,christiethomas@example.net
73,416.562.7758x301,stephanie80@example.org
74,3996854125,murphyalan@example.com
75,555-328-9754x516,adamskyle@example.org
76,(903)274-4823x897,ianharrell@example.com
77,001-204-271-9104x014,danielmack@example.com
78,001-314-305-5135,brittany95@example.net
79,566-465-2099,ellenbarajas@example.org
80,628.972.3441x08828,xdavis@example.net
81,630.882.8592x397,zgood@example.net
82,782-657-5540,smithbrian@example.com
83,215-475-8741x6538,vfranklin@example.org
84,402.921.9271,kevinevans@example.net
85,6294454119,huberjames@example.org
86,228-761-1938x81277,phelpsstacey@example.net
87,422-911-8551x904,rwhite@example.com
88,+1-943-455-0887x9273,daniel96@example.net
89,001-456-734-3945x30981,susan79@example.org
90,879.323.2236x7662,laura99@example.net
91,(285)911-9688x4856,tamaramorrison@example.net
92,451-314-0115x4862,jimmymartin@example.com
93,(713)503-2414x763,orivera@example.org
94,001-422-969-1629x9317,millermary@example.net
95,001-920-806-0834x710,gpena@example.org
96,+1-695-593-1851x8049,edwardlopez@example.net
97,(545)709-5057x89866,gregory48@example.net
98,3643687419,elizabeth06@example.com
99,(981)480-1680,kristen62@example.com
100,(538)591-3292,rhonda30@example.net
101,935.782.1270x309,sanchezjeffrey@example.net
102,244-252-5913x16306,todd99@example.org
103,347-590-9513x02080,daniel05@example.net
104,+1-997-908-2055,matthewmelendez@example.org
105,291.667.2225x9566,dharmon@example.org
106,001-513-282-3519,beckbenjamin@example.com
107,+1-911-695-0121x245,maxwelllewis@example.org
108,3105525060,tiffanyblankenship@example.com
109,+1-521-768-0338,jamesromero@example.org
110,805-702-3238x6155,elijah53@example.org
111,+1-866-327-9604x193,bernard39@example.net
112,5487537112,bryan59@example.net
113,+1-774-262-0744x708,zberry@example.net
114,001-243-309-1203,schultzmichael@example.net
115,829-684-6656,paul75@example.com
116,831.394.0845,xadkins@example.com
117,776.497.2190,ericamorse@example.org
118,3397899019,catherinecook@example.com
119,+1-201-407-1370,mckinneysteven@example.org
120,+1-572-216-3114x87938,catherine05@example.org
121,001-630-249-0848x08602,calebstrickland@example.org
122,862-983-1063x5186,dorisryan@example.com
123,001-861-346-3893x6073,garyfox@example.net
124,388-683-1053x033,guerrerosherri@example.com
125,216.287.4687x400,christopher55@example.com
126,+1-415-666-1755x47897,richard94@example.org
127,239-872-1935,harpermark@example.com
128,257.892.0678,mitchell74@example.org
129,+1-370-290-3401x097,williamscarly@example.com
130,3976752716,alison28@example.com
131,+1-498-855-7036x3706,jennifer23@example.net
132,982-317-3155x42422,wayneross@example.com
133,497-800-4409x79553,kimberly26@example.net
134,(433)488-5137,myersmark@example.net
135,947-320-8848x017,karen87@example.com
136,394-630-5369x300,patrickquinn@example.net
137,001-294-358-2974x4092,cpena@example.net
138,(965)223-9504,smithjenny@example.net
139,528.372.6675x2971,johnhernandez@example.net
140,414-340-3232,bobrien@example.net
141,(222)973-0612,ahart@example.net
142,454-287-8371x702,wardtroy@example.com
143,001-433-528-7809x539,williamparker@example.net
144,7454521286,liumatthew@example.net
145,+1-556-472-3377x5434,brett70@example.org
146,4837385616,jordanadam@example.org
147,645-235-6509x997,jennifercummings@example.org
148,001-811-798-3919x74437,vmitchell@example.com
149,001-882-735-4624x37487,keithparker@example.com
150,419.457.7478x9713,elizabeth23@example.org
151,708-623-8583x143,lowejesus@example.net
152,(438)862-5438,mahoneyjulie@example.com
153,292-299-4604x00516,kelseyhill@example.com
154,(835)862-7037,sanderskeith@example.net
155,+1-478-437-9082x67687,lwhite@example.org
156,001-951-570-9123x981,robleskelly@example.net
157,515.840.0134x38826,xsantos@example.org
158,(358)511-0729x466,penny56@example.org
159,570-863-2392x3899,melinda94@example.net
160,(750)703-2364x7335,valdezjulia@example.org
161,687-822-5082x6903,alvarezbruce@example.net
162,+1-296-400-6528x30287,chelseymitchell@example.net
163,248-898-2597x48388,jenkinscatherine@example.net
164,589-389-9037x1847,morrismark@example.net
165,911.713.8505x00834,gregory18@example.net
166,858.783.0158x63324,leepatrick@example.org
167,594.943.4488,wardlarry@example.com
168,9344003885,clarkalex@example.org
169,001-635-445-9683,valenzuelathomas@example.net
170,779-567-3402,mitchelllisa@example.com
171,7696735264,deborahfernandez@example.net
172,(657)620-9529x996,hernandezmatthew@example.net
173,001-638-691-3168x4132,frazierlaura@example.com
174,808.742.1496,nwilson@example.com
175,617-526-9511,laura73@example.net
176,001-462-772-2483x18902,daviskelly@example.net
177,826-428-5509x363,eallen@example.com
178,+1-624-986-0181x52899,edwardspenny@example.com
179,(766)368-9384,amber86@example.com
180,219-678-7723,wscott@example.com
181,001-782-227-8484,wrose@example.net
182,939.996.1883,sarahsullivan@example.net
183,001-366-777-3546x422,daniel54@example.net
184,490.703.5775x5810,rjohnson@example.org
185,908-259-8936x33288,gellis@example.org
186,4545419556,iblanchard@example.org
187,+1-727-571-1941x233,twright@example.com
188,218.296.2026,michelleevans@example.com
189,001-807-768-9976x9679,anthonyhenderson@example.net
190,600.868.7940,gibsonmichael@example.org
191,001-738-401-9903x381,bankslindsey@example.net
192,373.495.4954x69611,davidmiles@example.net
193,(553)294-9129x717,jonathan63@example.net
194,947-768-0039x342,nicoleferguson@example.net
195,(959)772-6904,ndominguez@example.org
196,470.205.8682x16002,crawfordvickie@example.net
197,552.752.6238x16770,jamesryan@example.net
198,423-290-8212x538,yfisher@example.com
199,001-524-836-8643x69008,garyfields@example.com
200,614.800.0979x2873,jessicabrooks@example.net
201,766-349-5653x50391,vdavis@example.net
202,945.637.0363x699,hursthannah@example.net
203,(268)471-7758,barbara25@example.org
204,406-375-0178,wjohnson@example.org
205,649.828.2367,icontreras@example.net
206,(582)418-0853x91770,hilltimothy@example.net
207,984.213.9218,uphillips@example.com
208,(428)241-6831x62838,peter02@example.net
209,3372706540,fishersarah@example.net
210,804.258.2326,justin57@example.com
211,208-780-2821,allenbrenda@example.net
212,9952287438,christina70@example.org
213,865.944.8919,juan11@example.com
214,(513)308-1717x2705,carterscott@example.com
215,(528)887-8448,melissa98@example.net
216,(513)493-6071x212,russellmartin@example.net
217,+1-219-233-4977x8078,troyhawkins@example.org
218,777.469.0253x2936,patricialong@example.net
219,001-251-898-9992x9833,travisburton@example.net
220,381.477.3547x876,santossteven@example.org
221,(830)737-6829x251,vgibbs@example.net
222,(688)276-6268x217,heather57@example.com
223,001-703-557-9004x9893,tnewman@example.org
224,289.605.5737x1773,alanfisher@example.com
225,771-928-0962,miguel14@example.org
226,686-655-2286x42255,lukebaker@example.com
227,001-720-954-8537x4112,timothy10@example.org
228,997-742-4422x13748,allisonwatkins@example.net
229,3385350394,christopherboyd@example.org
230,839-774-2770,andrewreynolds@example.org
231,228-881-5283x24906,qrose@example.net
232,001-384-767-9211x79426,anthony27@example.net
233,+1-855-852-5128x035,cruzrichard@example.com
234,643-865-3394,rickey95@example.org
235,365-939-8051x15734,donaldsimpson@example.org
236,276.988.8137x9899,katherine51@example.com
237,(374)321-5379x26496,umcintyre@example.net
238,967.851.2869x1976,colemanmelanie@example.net
239,+1-375-654-8004,stephenslaurie@example.com
240,(705)531-7940x050,tinacook@example.com
241,922-421-3722x874,kellykennedy@example.org
242,(761)780-9231x980,dianavargas@example.org
243,574.913.2420x626,padillamary@example.com
244,001-378-575-2430x107,ruben60@example.net
245,358.478.0693,levinejim@example.net
246,(801)524-1457x2261,robertlowery@example.com
247,495-851-3759,mallorysmith@example.com
248,518.485.0768x940,summermatthews@example.org
249,+1-664-420-5021x049,victoriabishop@example.com
250,+1-852-216-4407x60866,tracy16@example.net
251,330-634-1582x785,ulyons@example.com
252,793.339.1128x852,kyoung@example.org
253,+1-744-433-6577x56386,andrewmack@example.com
254,001-247-735-4945x384,richardsashley@example.org
255,+1-935-529-0536x3802,mortonrussell@example.org
256,+1-305-261-9945x6184,taylorphilip@example.net
257,(421)490-5102x83014,marcusdawson@example.com
258,+1-210-318-7350x64251,julia27@example.net
259,824.457.6084,susan75@example.org
260,001-293-330-5277x5497,kevin27@example.org
261,001-726-876-5234x032,callahanbrenda@example.com
262,428-351-9462,heatherrandall@example.net
263,+1-770-948-3301,fowlerrachael@example.org
264,238-813-0486,johnrose@example.com
265,001-844-447-9987x166,diana37@example.net
266,(762)551-0412x156,robert06@example.com
267,001-923-539-5775x652,rebeccaortiz@example.com
268,262-563-9687x80170,whiteedgar@example.net
269,659.980.8296x144,webbsarah@example.com
270,4859569593,petersonjasmine@example.com
271,(722)781-8627,john66@example.org
272,001-662-321-5663,christianrice@example.com
273,(510)785-0171x43511,jenniferjackson@example.org
274,(623)650-5145,susan72@example.com
275,805.588.7643x923,grantlaura@example.net
276,+1-477-552-1913x69465,joshuabarron@example.net
277,001-538-762-2684,garymccoy@example.org
278,+1-793-649-2110x1921,carrolljacob@example.net
279,861.696.2615x444,jacobboyle@example.com
280,686-719-7005x92115,lawsonmelissa@example.net
281,+1-288-633-3367x62502,billysmith@example.org
282,(449)289-9604,marshallheather@example.net
283,+1-642-571-1633,jenniferlane@example.com
284,001-962-692-7035x1448,mgreen@example.com
285,+1-511-671-1615x889,sean10@example.net
286,001-910-410-4591x46057,ortizrobert@example.com
287,(813)391-4526,helen40@example.com
288,540.344.5632x9991,zsingh@example.org
289,001-446-456-4486,susanthomas@example.org
290,(244)534-5959x8371,aaron97@example.net
291,001-645-563-1698x199,hboyd@example.org
292,001-786-587-0711x1651,kdelacruz@example.com
293,(661)575-6767,phillipskaylee@example.com
294,+1-992-551-6216x73000,keithortega@example.org
295,001-477-659-7016,jeffrey88@example.net
296,608-534-7622,vduran@example.net
297,+1-397-943-3132x234,sheryl30@example.com
298,+1-865-664-4485x8645,flowersjoseph@example.net
299,649-347-2237x30034,julielee@example.com
300,+1-960-638-5646,morgan29@example.com
301,+1-545-795-2740x3803,jamessullivan@example.com
302,+1-650-332-9593,odonnelljessica@example.com
303,215.925.3801x3521,watsonpatricia@example.com
304,001-344-349-8018x75025,tylerkelley@example.com
305,722.200.6484x649,kaylacampbell@example.org
306,001-712-602-4883x19699,hannahcunningham@example.org
307,686-214-5383x0451,xgonzalez@example.org
308,(996)941-9844x00053,amberlee@example.net
309,(531)253-2714x16912,alleneric@example.org
310,743-399-4491x627,henrydiaz@example.org
311,493.341.9532x4088,leah17@example.com
312,2146769829,lunakatrina@example.org
313,699.706.6085x86417,allison52@example.org
314,+1-893-332-8647x30525,deanjoshua@example.org
315,420.485.2007,cantrellrachel@example.com
316,(697)881-6943,rarnold@example.org
317,+1-434-920-8390x4682,garysutton@example.net
318,+1-752-426-7276x26108,newmanmicheal@example.net
319,(939)879-1668x1281,brucejones@example.org
320,+1-243-754-9021x0404,markdominguez@example.com
321,674.484.4548x2598,stevensivan@example.com
322,714.671.1034x412,sotojames@example.com
323,(623)985-7478,glenn81@example.com
324,+1-815-747-3949x44034,austin34@example.org
325,570-344-2972x3925,smoore@example.com
326,614-777-6195,aaronjohnson@example.com
327,001-539-238-8711x173,cynthia24@example.org
328,672-404-9889,ashley95@example.org
329,639.967.5132x0473,frenchjulie@example.com
330,+1-723-398-6920x35142,john56@example.org
331,+1-343-794-1463,odomscott@example.com
332,9322817106,shawngreene@example.com
333,001-883-474-3798x87958,buckleyshannon@example.com
334,+1-793-484-9885x277,andrew02@example.net
335,+1-593-570-2530x2244,paul42@example.net
336,+1-328-249-4694x8368,richardsonshannon@example.org
337,001-204-539-4812x4407,srodgers@example.com
338,953.225.7168x513,lpadilla@example.com
339,679-522-3940x67466,hernandeztom@example.org
340,+1-850-918-6917,lauren74@example.org
341,(895)368-4694x892,martinmanuel@example.org
342,6292389269,johnsonlisa@example.org
343,(935)634-6256x5483,larryshea@example.com
344,9418233202,hawkinsgail@example.org
345,001-906-636-3470x7007,rogersbeth@example.org
346,(498)813-8687,benjamin64@example.net
347,593.847.2345,christian92@example.net
348,7626106999,laurenritter@example.com
349,(517)894-9887,joseph44@example.net
350,297-542-2276x25344,mjones@example.net
351,(418)638-5943x88982,brian19@example.net
352,(492)741-2995x9258,jaclyn41@example.com
353,206-677-4076x722,ahunter@example.net
354,244-713-9751x437,ygonzalez@example.com
355,7715855060,dgonzalez@example.net
356,316.563.6357,megan95@example.net
357,719.956.1480x659,mooreconnor@example.org
358,001-985-790-7057x06700,amberpitts@example.net
359,799.941.7048x8254,paul68@example.org
360,276-969-0915,blloyd@example.com
361,+1-314-424-3616x94412,phillipthomas@example.org
362,498-824-5421x84369,leonardkarina@example.com
363,802.819.0431x4341,whiterobert@example.com
364,5172211186,natashasmith@example.org
365,450-397-9430,qdeleon@example.org
366,5907755570,abigaildudley@example.org
367,313.866.5978x69359,christensenscott@example.org
368,545-875-5538x675,garzarichard@example.com
369,(933)865-0143x421,willisdouglas@example.org
370,+1-590-978-4139x727,robertharris@example.com
371,238.687.2473x41890,millerdiamond@example.com
372,(694)614-2789,fhorton@example.net
373,457.401.9530x6337,patriciablevins@example.org
374,724.215.2439,uwilson@example.com
375,486.459.3578x230,psantiago@example.net
376,+1-690-674-4577x457,cassandraallen@example.org
377,+1-418-387-4397x7032,xmoore@example.com
378,874.581.8933x964,davidbailey@example.com
379,(768)452-7648,penakevin@example.net
380,+1-860-438-2473x00050,samanthabradshaw@example.com
381,710-938-2540x3936,jamesdavis@example.net
382,6312738957,lawrencelynn@example.org
383,232-991-3047x3472,rmoran@example.org
384,7546767222,dunnbrian@example.com
385,+1-956-804-6692x00091,leslieperkins@example.net
386,+1-296-994-2554x75603,andreabrown@example.com
387,(862)226-9881x651,joseph35@example.net
388,320.682.7227x10458,donald63@example.org
389,424.891.7771x021,rkim@example.net
390,328.597.3327x899,gonzalezsteven@example.net
391,(825)664-4754,dustinwilliams@example.com
392,8414498772,matthewallen@example.com
393,8723025865,wongjoan@example.org
394,249-506-7079,julia88@example.net
395,+1-604-567-0298x6787,lbanks@example.org
396,(619)627-9484x168,everettdaisy@example.com
397,+1-517-643-4292,ydavis@example.com
398,+1-726-285-9698x93246,fleminggeorge@example.net
399,+1-825-964-3693x34135,lisaking@example.net
400,+1-580-390-8719x37988,davidcruz@example.org
401,641-761-6426,alejandrovillanueva@example.org
402,(981)950-6079,bonnie04@example.com
403,001-585-730-5837x2008,walkerallison@example.net
404,319.995.5531x0493,jennifercox@example.net
405,+1-711-312-8415x672,brianna87@example.com
406,(860)455-2183x4344,davidrodriguez@example.org
407,5352096744,marc30@example.net
408,874-956-8168x267,hlewis@example.net
409,7655402896,ustewart@example.net
410,001-327-696-8243x12852,sharon96@example.com
411,(306)760-3744x234,tyrone13@example.org
412,429.893.5726,petersonerik@example.org
413,498-301-0860x76334,tnelson@example.org
414,873.431.6179,kkelly@example.com
415,311.341.3199x374,donaldvega@example.com
416,(711)798-0701,douglasjohn@example.com
417,+1-790-279-9977x67398,santanacorey@example.org
418,+1-270-573-0007x77571,zevans@example.net
419,(655)488-1236x15108,wroberts@example.net
420,(785)743-7544x4100,qmolina@example.org
421,001-798-678-0236x365,icole@example.net
422,685-433-5100x068,elizabeth67@example.net
423,578-278-5480,martinezcurtis@example.org
424,808-221-0695x16853,jacobstewart@example.com
425,498.779.0956,zgalvan@example.org
426,460.526.4821x21266,suescott@example.org
427,984-967-3496x74736,martinjoshua@example.org
428,437-217-9723x9815,obailey@example.org
429,(313)943-7248,byoder@example.com
430,(897)204-4604,xcole@example.com
431,001-750-392-5635x884,walkerheather@example.org
432,001-742-269-0238x126,stacymurphy@example.org
433,+1-996-855-8336x399,vshort@example.org
434,(297)240-9528,anthony63@example.com
435,+1-450-904-8516x95583,stevenrose@example.net
436,601-885-9861x13454,gsanders@example.net
437,(685)212-4640x73898,zwoodward@example.org
438,(863)377-2104x597,matthew46@example.org
439,001-395-920-3326,dawn78@example.net
440,001-723-841-3251x65327,agonzalez@example.com
441,001-364-879-1191,parkgary@example.com
442,001-755-578-6836x09121,braykimberly@example.org
443,(848)448-3291x689,spencerlisa@example.org
444,+1-560-200-2889x768,robbinskayla@example.org
445,2759142966,wjones@example.com
446,996.346.8931x50765,rodgersdaniel@example.com
447,830.978.0975x7014,john00@example.com
448,+1-896-872-5267x95750,smithmichael@example.org
449,+1-270-660-5949x55229,benjamin07@example.org
450,5257894302,baileysteven@example.net
451,455.839.8419x00097,vlambert@example.com
452,265-614-3178x71772,rogersnyder@example.org
453,001-349-911-1288x6239,williamsdavid@example.net
454,275.491.6840x04999,martineznicholas@example.com
455,001-781-781-0749x40299,cynthiaroberts@example.net
456,934-962-0117x330,sue53@example.net
457,689.315.1971x2196,jeremiahlee@example.org
458,5485047066,uhuffman@example.com
459,520-227-2310x757,usmith@example.com
460,001-903-428-5995,pwilliams@example.com
461,766-574-4072x1274,patelann@example.org
462,827-242-2113,brianreynolds@example.net
463,+1-372-379-8135x896,spayne@example.net
464,+1-599-647-8951x2297,williamsterrence@example.net
465,937.904.5329,timthompson@example.com
466,(415)269-9829,smithrobert@example.net
467,+1-407-341-9643x72803,ogonzalez@example.org
468,396-203-8245x50561,tylersteven@example.com
469,+1-472-815-7109,carlsonsara@example.org
470,402.908.4084x8680,ssalinas@example.net
471,+1-835-827-0908x37097,walkeraudrey@example.net
472,001-913-312-3303,warren73@example.net
473,389.798.4463,crystaljohnson@example.net
474,308.569.3873,martingarrett@example.net
475,001-907-983-4603,samantha33@example.net
476,+1-265-601-4771x960,robert50@example.com
477,001-424-941-5591x366,fernandezmonique@example.net
478,+1-519-295-4663x680,kevin14@example.org
479,+1-270-400-5701x2312,timothyalvarez@example.net
480,(973)382-3838,uking@example.com
481,506-323-4074,nicholas39@example.net
482,813.473.2360x38004,williamsmonica@example.com
483,(760)592-1571x99017,wendybaldwin@example.net
484,001-379-701-1275,autumnmiller@example.com
485,597-357-7987,julierobertson@example.net
486,482-261-4091,steinlisa@example.com
487,(666)835-3272x4414,dramos@example.org
488,+1-443-795-8915x204,awalker@example.org
489,(344)495-0842x5201,xgarcia@example.org
490,+1-976-692-5117,josephyoung@example.net
491,(202)891-7771x956,scott37@example.org
492,(462)721-9843,christopher73@example.org
493,001-285-308-5441x561,debralewis@example.com
494,+1-461-598-2788,mckaywilliam@example.com
495,5037729648,barnesjill@example.com
496,744-512-8319,barry48@example.com
497,+1-989-357-0896x9361,parsonschristina@example.com
498,001-569-988-0777x6898,iestrada@example.com
499,001-301-527-2453x990,nicholasmiller@example.com
500,335-272-0910,yjohnson@example.org
501,965-899-8295,christianochoa@example.com
502,(454)582-1208,jonescourtney@example.net
503,001-839-817-8414,lmoreno@example.com
504,(385)444-8940x193,austin17@example.org
505,8789953471,mark90@example.org
506,(914)582-5423x91662,andrea93@example.com
507,822.576.3253x277,smithjames@example.net
508,(897)509-4326,paynesierra@example.com
509,559.489.9361,ohoward@example.net
510,368-236-0323x41553,salasconnor@example.com
511,(613)559-9589,tylerbarry@example.net
512,766.720.5478,lwest@example.com
513,(265)679-1100,angela44@example.com
514,714.689.1768x3640,jenkinserica@example.org
515,485-671-1475x58674,dsalazar@example.org
516,(331)317-0983x4560,xroman@example.net
517,001-958-675-1779x399,seanbryan@example.com
518,5739825163,toniperry@example.net
519,738-635-7292x7060,thomasandre@example.org
520,001-587-332-4181x38608,thomasjonathan@example.com
521,569.882.2890x5289,cmarshall@example.com
522,+1-933-716-3415x022,james89@example.com
523,(649)516-5819,garnermarissa@example.org
524,503-743-9332x2973,martinezthomas@example.com
525,7206029717,wilcoxtaylor@example.org
526,+1-564-758-0409x0072,sarah66@example.net
527,+1-342-569-6317x7964,hayesmegan@example.org
528,568-466-0889,ydyer@example.net
529,9385855301,williamward@example.org
530,(587)556-1416x9817,rose43@example.org
531,3699379611,hobbskaren@example.net
532,999-973-4856x696,kwilson@example.org
533,(465)645-5387x60297,bushtonya@example.org
534,001-545-385-1505x66039,seanfoster@example.org
535,+1-492-413-3345x749,rmunoz@example.com
536,(600)541-0859x00064,paulabbott@example.com
537,+1-539-962-2612x4218,smithbrenda@example.org
538,+1-604-345-3522x3927,maria39@example.net
539,(797)784-7746,shawnhopkins@example.com
540,(402)320-0766x67064,samantha16@example.com
541,001-316-200-7169x57384,daniel80@example.com
542,265.248.0302x2365,douglassanford@example.net
543,994.510.6609x9249,justin14@example.com
544,001-359-589-4388x19631,currytiffany@example.com
545,6163960586,hansonkristin@example.net
546,(301)816-8117x2953,brianaharris@example.com
547,270.933.9900x138,aanderson@example.com
548,001-619-401-6778x03339,alexanderkathleen@example.org
549,001-750-534-1171x82476,melissa03@example.org
550,+1-576-620-3413x4476,ytucker@example.com
551,3664625131,careylouis@example.com
552,+1-576-203-3900x05873,cleach@example.net
553,(963)995-3680,barbaracollins@example.com
554,(263)321-2072,brianfowler@example.com
555,343-640-9334,johnfrancis@example.org
556,335.660.9406x9029,msmith@example.net
557,5924631153,watkinsmark@example.org
558,633-928-9544x7528,erinmorales@example.net
559,(306)898-3247x450,moonbenjamin@example.org
560,+1-222-692-4604x57390,pconner@example.org
561,(805)494-0183x270,brownjustin@example.org
562,4886727365,mallory14@example.net
563,(959)790-3743,foxmeredith@example.com
564,+1-730-778-9621,sholt@example.org
565,989-301-5219,caleb86@example.org
566,364.347.5399x472,malonelindsey@example.net
567,(832)558-2215x5411,andrew12@example.org
568,(311)804-7224,derrickdavis@example.net
569,886-561-3255,jerry09@example.net
570,372-776-3571x95579,jonathantaylor@example.org
571,671.373.8678,jonathan44@example.org
572,836-731-5893,lwilliams@example.org
573,(325)550-8405,richardcarrillo@example.com
574,001-634-531-6458x4500,oconrad@example.net
575,(870)789-0418x16150,santiagocynthia@example.org
576,(361)730-2161x521,patricia60@example.org
577,(534)491-5854x2729,christine38@example.net
578,+1-230-357-2425,tpope@example.org
579,326-518-4383,halltroy@example.net
580,+1-239-773-9637,john04@example.org
581,278.726.3291x658,ashleysmith@example.com
582,765.854.1343,jamescarlson@example.net
583,+1-769-653-6260x6839,rebecca63@example.com
584,647-353-3295x837,diazgabriela@example.com
585,461.636.2287x79422,ninaray@example.net
586,+1-606-990-3882x748,seth07@example.net
587,496-998-0934x1928,hdiaz@example.net
588,(257)927-8017,jacob83@example.net
589,666.341.0330x5094,bethany57@example.net
590,550-378-6968x033,pmills@example.net
591,262.265.7212x8029,igarcia@example.net
592,001-739-851-0536x6972,patrickthomas@example.org
593,001-655-411-0381x70636,rebecca72@example.org
594,727-765-2926x8225,htanner@example.org
595,519.538.5435x9357,cclarke@example.com
596,(979)576-0231,tuckertravis@example.net
597,(876)738-9781x75687,andreakelly@example.net
598,784-244-4847,julie20@example.com
599,844-310-1370,jillvaughn@example.com
600,477-471-0073x065,hernandezmegan@example.net
601,(618)885-2579x7151,hollyhunt@example.org
602,620-737-4562,gregorymartinez@example.net
603,5638220016,christopher92@example.org
604,001-856-320-8046,daniellebaker@example.net
605,(960)400-1713x4761,nancymartinez@example.net
606,(522)201-9469,njacobs@example.com
607,628.581.6685,barry81@example.net
608,474.201.7730,xcox@example.com
609,(912)641-6203x95315,floressteven@example.net
610,+1-795-579-1626x14351,robert28@example.net
611,716.646.6552x586,andrew09@example.com
612,(548)817-6408x996,jennifer24@example.net
613,806-934-2892,wilsonjoshua@example.net
614,(999)545-0975,karencobb@example.net
615,501-703-2925x87071,debra06@example.net
616,+1-743-581-3490x519,nicholascoleman@example.com
617,+1-475-271-7676,normanmoore@example.net
618,975.277.0408x6602,lozanopatricia@example.com
619,754-219-7646,erica03@example.org
620,9216350943,garciaclayton@example.net
621,001-538-395-3420x751,ericbarrett@example.com
622,468.249.5945x350,awalton@example.net
623,001-642-420-0117,carlsonalexander@example.com
624,(974)407-1227x8295,kelly87@example.com
625,+1-202-516-5657x3518,imendoza@example.com
626,281.431.4271x7633,brianorr@example.net
627,+1-745-711-9591x025,elizabethsoto@example.net
628,656-376-3401x18947,walterosborne@example.com
629,961.289.1010x72915,carolyn27@example.com
630,+1-944-945-4173x1859,gjones@example.net
631,001-291-822-5684x0239,kjones@example.org
632,480-207-7917x385,martinmatthew@example.org
633,813-860-7041,williamstina@example.com
634,881.643.3182x7250,douglas83@example.org
635,229.721.1708,tamaramartinez@example.com
636,916-519-2122x97543,tjohnson@example.net
637,897-278-9219x103,rebekahwilliams@example.org
638,(331)415-0681x517,matthewallen@example.com
639,3705644590,heathersmith@example.com
640,8329202129,dwilson@example.com
641,(816)504-1953,ymeyer@example.net
642,+1-663-586-3389x643,cmccormick@example.com
643,6537138034,wolfsavannah@example.com
644,+1-235-373-2066x7643,cookmargaret@example.com
645,(294)992-7236x2807,pmartinez@example.org
646,(997)528-1029,dorothy70@example.net
647,(421)402-7155x33099,sanchezdanielle@example.net
648,+1-630-458-3936x775,lopezriley@example.com
649,(329)994-9243,xfuller@example.net
650,755-654-9423,claire35@example.net
651,718.454.0670,trankenneth@example.net
652,215-228-8728x363,xmiller@example.com
653,(749)967-0116x2689,mccartycrystal@example.net
654,979-543-3660x42016,heather27@example.com
655,691.407.3961x617,hstrickland@example.com
656,285-779-4468x173,jaclyn55@example.net
657,6904839416,cynthia93@example.net
658,2515287120,kayla60@example.com
659,3555577075,patricia28@example.com
660,225-573-5494x556,vcain@example.net
661,597.821.6418x14650,diazkevin@example.com
662,+1-290-563-5154,lisascott@example.org
663,(522)980-4583x44687,ramseydavid@example.com
664,(501)910-0432,dalvarado@example.com
665,001-520-632-7289x57834,jonesbradley@example.com
666,(478)397-9705,cody11@example.net
667,764.401.9643x58890,ksmith@example.org
668,467-538-9530x72175,nwhite@example.com
669,001-478-679-4072x57689,thompsonkelly@example.com
670,289-464-1819,bhoffman@example.net
671,001-350-623-1587x330,steeletracey@example.org
672,782.877.7175x2429,wgarcia@example.org
673,628.732.7858x1809,cookemily@example.org
674,7249421780,christopher04@example.net
675,+1-306-376-6331x2315,emily23@example.net
676,(752)473-6522,rose53@example.com
677,+1-367-355-2721x999,trevor49@example.org
678,+1-259-313-5020x328,martinjennifer@example.org
679,959-842-5526x474,joeljackson@example.org
680,430-653-2266,michelle48@example.net
681,790-571-6470,krystal20@example.com
682,774-668-4604x29526,eharris@example.org
683,812.281.7901,qburnett@example.org
684,+1-840-378-2121,bryan29@example.net
685,511-719-2932,rlewis@example.com
686,(250)734-7825x142,hdavis@example.com
687,001-424-285-7731,annettewilliams@example.net
688,(488)428-9929x6361,randy53@example.com
689,566.431.1642x4155,qhartman@example.org
690,346.777.6827x6848,jose62@example.net
691,001-244-600-3827x7208,parksjacqueline@example.com
692,(793)346-4354x0750,flynnmark@example.com
693,001-956-478-1061x01753,boydandrew@example.com
694,398-453-2124x114,nicolekelley@example.org
695,+1-578-928-5410x09990,carolynstone@example.org
696,6635587815,gmccarthy@example.org
697,+1-859-729-9764x71124,vbarton@example.net
698,718-954-5799,jshaw@example.net
699,207-580-1056,davisdavid@example.net
700,001-702-722-4029,brandi44@example.com
701,8577482009,vtorres@example.org
702,763-845-0992x104,natalie31@example.org
703,283-680-0275x59398,jacqueline73@example.org
704,6978671553,sanchezcolleen@example.net
705,328-224-5604,evilla@example.com
706,860-641-4205x0477,wilsoncharles@example.com
707,001-285-742-9657x9911,katie72@example.net
708,001-916-990-6755x28759,rosaleslori@example.org
709,9978138001,angela43@example.net
710,609-672-4588x096,karen79@example.net
711,001-755-619-5648x68280,williamsmegan@example.com
712,2976464697,mercadoscott@example.com
713,7827749535,kylie60@example.org
714,+1-753-469-9557x18899,chandlersierra@example.net
715,+1-538-950-8867x234,boydian@example.com
716,001-997-794-7554x160,ucosta@example.net
717,(764)683-2785x48835,matthewrose@example.com
718,836-647-9430,mgillespie@example.net
719,853.388.3475x7821,dmurphy@example.com
720,233-220-2881x4244,morgan85@example.org
721,001-912-243-5124x370,bridgetking@example.com
722,775.227.8242x0203,jasminelopez@example.net
723,+1-453-888-2957,adrienne87@example.net
724,001-676-548-6106x1488,samuelhughes@example.com
725,+1-228-655-3915x164,imann@example.net
726,(864)741-3564x89311,linda86@example.com
727,001-929-844-9346x2876,ilopez@example.org
728,277.977.9933x6476,sramirez@example.org
729,+1-363-772-8089,reedjacob@example.net
730,(526)201-8045x25123,jason03@example.net
731,426.812.5158,randall93@example.com
732,497-425-0517x764,anthonybutler@example.net
733,542-905-4962,ochavez@example.org
734,(259)436-4947x3571,elizabeth34@example.com
735,941.848.4976,fostermark@example.org
736,(715)743-7251,ymiller@example.org
737,001-218-854-9588,rthompson@example.org
738,450.594.4251x7880,jonathanmartin@example.org
739,001-842-990-7008x24894,uvillarreal@example.com
740,986.878.8584x30110,greenjoshua@example.com
741,286.524.3388,bharper@example.net
742,(236)288-2995,zjones@example.net
743,001-248-784-4300x99861,jacquelinestewart@example.org
744,001-919-816-6679x2792,johnsonemily@example.com
745,001-301-863-6574x95920,jesselopez@example.org
746,254-707-2557,fostermichael@example.net
747,550.268.8031x83022,noliver@example.org
748,(918)842-2247x0289,garciavanessa@example.com
749,375.384.0522x7218,ann78@example.org
750,(956)450-5717x224,uallen@example.org
751,+1-518-603-8889x10229,hutchinsonbilly@example.net
752,819.274.3653x491,odennis@example.org
753,(943)676-1815x60795,danielwilliams@example.net
754,+1-861-965-1650,larsenthomas@example.net
755,+1-260-292-9079x5795,vanessasharp@example.net
756,(701)684-2500x28004,whitelaura@example.net
757,241.534.8624x08839,alancox@example.net
758,9808922539,ryanwalker@example.com
759,4833710081,bcoleman@example.org
760,(359)437-9516x492,jacksonstephanie@example.com
761,001-355-578-4388x7075,irodriguez@example.com
762,492-322-3355x177,angela17@example.org
763,(213)835-1623x808,stephanie26@example.org
764,347.758.1232x112,comptonmorgan@example.org
765,(524)706-9289,qday@example.org
766,605.208.5653x650,sandra59@example.net
767,369-886-1209x573,rconway@example.org
768,948.643.9159,cobbnatalie@example.net
769,+1-508-776-6342x5772,billy51@example.net
770,982-919-3335x08202,sherigreene@example.com
771,575.207.7350x5286,richardwagner@example.com
772,480.471.9997x559,bellbryan@example.org
773,001-771-854-4166,wendy83@example.org
774,(366)601-2337x98231,tamara90@example.net
775,860.453.1034,james30@example.net
776,356-597-3956x0069,munozkayla@example.com
777,742.489.2380,brianwalters@example.org
778,001-358-906-6677x37784,margaret13@example.org
779,918-921-8287x6299,robert90@example.net
780,+1-937-223-0892x3227,marquezpaula@example.com
781,2166534284,vargasdenise@example.net
782,+1-533-933-6639x641,edward28@example.org
783,948-564-9873x24243,njones@example.net
784,(958)257-9139,csolis@example.com
785,001-996-432-3447,kellyhernandez@example.org
786,(408)976-0464,rachel75@example.com
787,001-256-659-5643x3257,kathy43@example.net
788,669-642-2318,bhaley@example.com
789,387.556.1944x69727,castillowhitney@example.com
790,686.436.7739x583,sharonvazquez@example.com
791,734-355-3715x476,james97@example.com
792,311.313.6387x60575,frankfrank@example.net
793,(292)597-3745,qleach@example.org
794,+1-661-314-3601x824,yfowler@example.org
795,001-789-423-5743x18212,derek06@example.org
796,(521)681-8449x941,jessica17@example.org
797,3045673404,peggycase@example.net
798,(727)820-8151,danielle83@example.net
799,(820)363-9379,traviscarlson@example.net
800,356-448-6745,jessicabernard@example.com
801,(238)639-0758x35619,kimberly59@example.com
802,333-394-3692x926,daviskari@example.com
803,704-720-0296x17117,bennettashley@example.com
804,+1-513-450-6072x6207,jchapman@example.org
805,460.348.0966x7766,chadcooper@example.net
806,+1-685-322-2951x268,chenalex@example.org
807,(453)642-6918,chandlerkristine@example.org
808,270.480.3771,tobrien@example.org
809,694-324-7927x149,wrightmelissa@example.org
810,836.523.3446,reginaavery@example.com
811,963.630.5780x1599,qwebb@example.org
812,752-438-6203,jvazquez@example.net
813,451.388.6952x70205,mluna@example.net
814,(416)700-4464x01882,flowersdenise@example.com
815,925.796.7002,laura11@example.com
816,994.803.9594x98445,ayalarichard@example.org
817,(979)458-4323x334,muellerchristina@example.net
818,334.254.9632,luis28@example.org
819,920.410.9642,amanda83@example.net
820,001-874-294-0771,christina35@example.org
821,(234)578-0352x45647,znielsen@example.net
822,406.611.7215,albertmorgan@example.com
823,5153899941,paul26@example.net
824,787-689-1332x85518,danielmiller@example.net
825,447.736.7234,aprilsullivan@example.com
826,6008153559,danastevens@example.com
827,(572)949-7206x0565,bonnie52@example.net
828,3624062618,leslie85@example.org
829,+1-902-565-4195x004,gibsonthomas@example.com
830,(821)944-5788,donna28@example.com
831,925.398.8523x6708,elliottdanny@example.com
832,839.905.1887,brandon81@example.org
833,(630)719-0166,michelle81@example.org
834,6937700967,seanarmstrong@example.com
835,001-968-559-1515,florescolleen@example.com
836,977.710.9830x62970,markcalhoun@example.net
837,660-226-8495,roberthenderson@example.com
838,+1-766-815-1202x057,pmcgee@example.net
839,(905)956-4931,carriesmith@example.com
840,622-858-1007x8407,belljessica@example.org
841,851-251-9029x6903,sotomatthew@example.org
842,001-269-910-2799x35800,mariacurtis@example.com
843,001-701-703-1924x7580,jomurphy@example.net
844,+1-277-539-6651x3203,dustin71@example.com
845,(566)690-4776x49514,dpark@example.net
846,880-603-6455x6328,tararobinson@example.net
847,+1-550-394-9152x90132,davidwood@example.net
848,(364)461-2911,colemandylan@example.org
849,001-717-792-2315x03255,stephanie77@example.net
850,(666)703-9420,kimberlylittle@example.net
851,(828)768-7598x060,dlucas@example.com
852,001-960-739-3354,courtney91@example.org
853,582-285-2721x681,bakerchristopher@example.org
854,+1-937-787-2424,richard11@example.net
855,+1-863-494-1144x003,tharris@example.net
856,001-867-695-9035x0412,michaelmckee@example.net
857,001-244-763-9295,jason59@example.org
858,468-671-9371x78185,tamara75@example.net
859,(457)680-2056,stephanieeaton@example.net
860,001-457-820-6430x8746,robinsonvictor@example.org
861,648.275.4742,joannacarter@example.net
862,317.335.0141x205,monica47@example.net
863,+1-851-958-4742,marcellis@example.com
864,658.909.7415,robertcole@example.org
865,+1-468-403-1557,christopher07@example.org
866,+1-346-231-4340,ellischristy@example.net
867,476.346.9426,andrew33@example.net
868,395-567-7411x514,jennifer37@example.net
869,980-891-1644x1019,evanssheila@example.net
870,(387)275-2701,katherine05@example.org
871,001-781-656-9470x7060,smithheather@example.net
872,2364323185,gina64@example.com
873,685.875.9119x666,likimberly@example.com
874,2478068188,taylordan@example.net
875,001-443-679-7468x29418,johnriley@example.net
876,001-270-215-5582,egibson@example.org
877,637.484.0694x65281,volsen@example.net
878,921.802.1553x84840,cruzian@example.net
879,442-885-1863,qnicholson@example.org
880,+1-918-807-3661x5373,peggy02@example.org
881,001-974-768-5931x27591,adam30@example.net
882,724.576.3151,bakermelissa@example.org
883,5648364072,carlaflores@example.net
884,891-621-5976,mark13@example.com
885,+1-649-661-0988x185,higginsscott@example.org
886,941-616-9556x593,joseph53@example.org
887,001-871-893-5313x6938,suzanne39@example.org
888,001-922-495-2451x7996,sheryl54@example.org
889,206.312.8912,iprice@example.org
890,+1-893-386-2099x610,suzannemoss@example.org
891,896-833-9286x966,diana19@example.com
892,633-982-4193x5590,rebecca68@example.com
893,+1-500-602-1073x4308,matthewrowe@example.com
894,(920)357-1893x847,micheal29@example.com
895,+1-709-517-1655,wgonzalez@example.net
896,(265)777-7704x5225,tylerharris@example.org
897,001-919-657-2256,loridawson@example.org
898,892.339.6099x58089,michele47@example.com
899,6024722090,pedwards@example.net
900,(883)470-5434x935,carly31@example.net
901,2097984446,blake73@example.org
902,001-996-973-3225x0587,browndavid@example.net
903,217.573.3962,qdixon@example.org
904,740.261.6830,gomezwilliam@example.net
905,225-404-9131,jonathanjohns@example.com
906,844.311.6184x5732,murrayjenny@example.org
907,409-959-7323x684,clarkeric@example.net
908,001-230-916-1743,katherine46@example.org
909,(280)257-9439x307,terrichandler@example.net
910,811-645-6108,todd26@example.com
911,583.548.8589x19182,kathleen31@example.org
912,001-266-413-3728,campbellvanessa@example.org
913,001-655-745-7895x33182,rorozco@example.org
914,7442071766,garciagrace@example.com
915,601.923.8697x09381,morenojames@example.org
916,297.837.8553x2802,mitchell62@example.net
917,+1-636-218-9939x97025,iwatson@example.com
918,(728)408-1533,ruben62@example.com
919,736.754.7703x04257,amydixon@example.com
920,8735246878,williamsdesiree@example.net
921,744.877.4971,ibutler@example.net
922,(884)769-2165,mandy27@example.org
923,(258)616-6257x3433,harrischristopher@example.net
924,(468)479-5344x09563,jon30@example.org
925,277.353.3831x441,danielleblack@example.org
926,(771)584-3933,lopezerica@example.net
927,(890)507-2965,sherry83@example.net
928,(359)628-8725x84993,brewergary@example.net
929,718-936-0339,jburnett@example.net
930,+1-631-810-8362,cynthia57@example.com
931,(481)607-2029x1263,rodriguezjenny@example.net
932,(287)245-6671,jonathan02@example.net
933,(208)346-2957,alexasutton@example.org
934,+1-318-410-4061x337,butleradam@example.org
935,691-288-0471x791,jerry34@example.com
936,+1-923-331-4424x065,rebeccaking@example.com
937,+1-564-811-1544x5287,jesse49@example.com
938,834-876-4488x3033,tmartinez@example.org
939,935.835.4992x38497,maxharrison@example.com
940,+1-875-885-3111,ijones@example.com
941,536.434.1787x752,cweaver@example.net
942,+1-923-706-8896x912,hparks@example.net
943,(955)904-8667x199,fwilliams@example.org
944,+1-691-476-9384x8290,iallen@example.org
945,821.349.1685x8930,frederickfranco@example.org
946,218-296-5747x897,aturner@example.net
947,929-462-1131x6987,jessica03@example.com
948,001-825-657-0473x69278,lorisalazar@example.org
949,+1-299-734-6366,nolantimothy@example.org
950,001-513-493-9616x26721,dianamitchell@example.net
951,+1-568-945-9011x53078,adamsmichael@example.com
952,001-656-959-0108,pking@example.net
953,001-863-633-4268x82389,wendydavis@example.com
954,397.575.1034x41939,hutchinsonbrandy@example.org
955,(849)881-2570x8796,vtucker@example.net
956,+1-692-266-9051x422,ruizjoshua@example.com
957,001-717-430-3102x99989,lawsoncory@example.org
958,275.313.6840,millerlisa@example.net
959,253.242.7424x9035,lhart@example.net
960,+1-908-327-6647x318,pamelagarza@example.com
961,+1-302-635-8470x455,christinaallen@example.com
962,+1-737-431-4646,tina25@example.com
963,668-984-5891,oballard@example.net
964,459.331.9964x8647,tlee@example.net
965,001-784-970-0899x37068,taylorlisa@example.com
966,+1-795-613-3654x4240,abigailjohnston@example.com
967,001-926-361-2666x2416,michaelmoore@example.com
968,763.857.7869x2519,nrobinson@example.com
969,(866)437-8171,dustin66@example.org
970,907.253.1267x35272,christopher44@example.net
971,9495969234,palmerelizabeth@example.org
972,2675979054,rebecca45@example.net
973,996.926.7186,murrayjulie@example.org
974,640-642-5933x1760,sherrycantu@example.com
975,+1-488-492-6908x2216,ryan67@example.com
976,409.398.5075,stanleymichael@example.org
977,725-996-6525x606,robert36@example.org
978,541.912.9529x667,corycastillo@example.com
979,(743)772-2363x49894,bonnie25@example.net
980,447.335.3680x903,amccormick@example.net
981,(363)580-7086,icantrell@example.org
982,831-427-5366x3424,gallen@example.net
983,736-241-0642x29849,pagemichael@example.net
984,213.895.7636x695,zjones@example.org
985,(364)242-3396x73986,cheryl55@example.com
986,215-601-1779,jackking@example.org
987,(287)202-6355,fitzgeraldthomas@example.net
988,(714)916-0973,abrown@example.org
989,001-997-889-7966,ellensherman@example.com
990,001-467-408-5429,nicholas25@example.com
991,001-831-367-3140x8385,vanessasalinas@example.com
992,(835)267-9438,lisa34@example.org
993,476.715.4992,tamaraadams@example.org
994,556-744-1823,justin27@example.com
995,611.800.3033x861,lanekathryn@example.net
996,4714399794,jaredreyes@example.com
997,823.909.1380x035,ldavenport@example.com
998,429.509.7514,dwayne24@example.org
999,4824367736,cjohnson@example.org
1000,4505703879,garciakristi@example.com
