emergency_contact_id,phone,email
1,449.404.5448,nicoleadams@example.com
2,6458002680,rachaeladams@example.net
3,+1-449-244-3465,klowe@example.net
4,(517)466-2457,jessica80@example.org
5,(598)719-4645x54908,mooreerik@example.com
6,674.452.5896,tsalinas@example.org
7,001-694-644-6017x39142,davidjones@example.org
8,440-304-0480,bennettkelly@example.net
9,737.987.8151x5720,jonestracy@example.net
10,001-951-301-2067x0274,gregory56@example.net
11,001-665-571-4172x39616,thiggins@example.net
12,699-379-5026,yolandabates@example.com
13,(591)798-5956x8524,daviddoyle@example.net
14,418-462-6802x3855,kelly11@example.net
15,750.201.0377,martinezdebra@example.com
16,608-301-7087x984,destinydavis@example.net
17,001-785-227-6074,isnyder@example.org
18,205.723.1918,lisa36@example.org
19,(356)832-2793,jacksonjonathan@example.org
20,+1-309-478-8943,john49@example.net
21,8966558065,alexander72@example.org
22,001-930-376-4846x814,heathercohen@example.com
23,307.469.3433x11716,makayla61@example.org
24,980.953.4133x49479,nphelps@example.com
25,+1-587-406-1784,simmonsmaria@example.org
26,539-422-7219x8635,alexander50@example.org
27,(946)807-3482x08867,wilsonanna@example.net
28,278-694-4530x37991,kevin46@example.com
29,001-856-527-4923,mswanson@example.net
30,(775)845-9837,thorntonjade@example.com
31,001-200-635-8513x82419,jonathansalazar@example.com
32,999.796.6418x585,ubryan@example.org
33,917.665.1794x81885,melvincolon@example.com
34,458.545.7720x7340,udavis@example.net
35,620-574-3318x93674,medinaaimee@example.net
36,469.292.9559x08458,larry83@example.org
37,593-736-9904x615,xhall@example.org
38,(385)302-5875x2712,oconnoramber@example.com
39,+1-260-726-8088x572,meyerdebra@example.com
40,+1-486-940-6110x8134,ucummings@example.org
41,700-360-2053x5661,bentleyamanda@example.net
42,325-485-8702,qthompson@example.net
43,376.995.6891,torresmary@example.org
44,+1-813-459-3524x53087,kennethlogan@example.org
45,280.716.5981x4938,lukewilliams@example.com
46,727-498-2600,suzannelynch@example.org
47,710.783.5995x76435,ochoatravis@example.net
48,(670)276-1863,ricardosmith@example.net
49,668-580-6112,dylanyoung@example.net
50,3958048955,twashington@example.net
51,630-565-0093x29917,leslie92@example.net
52,793-955-5451x6116,zjordan@example.com
53,+1-336-695-6345x2881,annsmith@example.com
54,945.842.4422x41754,sarahking@example.net
55,+1-952-826-9024x4601,kennethwoods@example.net
56,543-466-9382,christopher90@example.com
57,(952)248-0874x7579,thomassusan@example.org
58,214.772.4231x15154,mosleydavid@example.org
59,(773)643-7157x0597,hollandvirginia@example.com
60,314.492.2988x374,christopher67@example.net
61,887.855.3755,kara11@example.net
62,803.404.7074,smithjo@example.com
63,(413)423-0409x72900,dsims@example.org
64,(634)511-5847x0567,teresa03@example.net
65,001-847-270-9189,jenkinsdana@example.org
66,001-234-740-7424x179,ebowers@example.com
67,(418)462-4786x0413,wlewis@example.net
68,(206)911-1568,jmartinez@example.org
69,434-264-9926,awoods@example.org
70,(934)231-5732,jimmyharrington@example.com
71,9224112877,jessica34@example.com
72,(703)201-9383,suzannepena@example.com
73,(621)982-2871x53526,tina42@example.org
74,838-800-4737x005,april93@example.net
75,235.470.2343,heather52@example.org
76,2307548775,davisrandall@example.org
77,588-481-9668x5050,mitchellmonica@example.com
78,001-253-449-8758,cynthia60@example.org
79,951.930.0642,leonard07@example.com
80,451.295.6137x5280,lhunt@example.net
81,5219929708,sarahbrooks@example.org
82,5672172504,matthew23@example.com
83,360.928.6238x32907,brandonowen@example.com
84,+1-828-662-3670x7511,xmercado@example.org
85,+1-559-836-8074x192,mbarr@example.org
86,801.334.7261x866,dnelson@example.org
87,412.822.2009x156,amyherman@example.net
88,254-791-4230x952,smithalexa@example.org
89,650.760.3903,kylecameron@example.com
90,9462766604,fstout@example.org
91,7358443836,oliviathompson@example.org
92,001-233-467-1146,uhall@example.net
93,8256205671,grosskimberly@example.org
94,386-470-0817x573,christina01@example.org
95,347.856.8910x4744,bettystokes@example.net
96,(697)525-6797x870,jgreer@example.com
97,001-379-797-6385x9384,washingtonmichael@example.com
98,547-730-5343x350,jenniferchan@example.com
99,3513775794,thomasgonzalez@example.net
100,001-785-928-9570x419,candrews@example.com
101,471-991-4846,housejohn@example.com
102,741.769.5506x8399,tracey63@example.org
103,9257838056,jameswheeler@example.net
104,(466)490-3274x038,ebrock@example.org
105,+1-938-705-7026x456,kfranklin@example.net
106,286.608.3736x8427,froberson@example.net
107,001-343-860-6254x853,amy94@example.net
108,915.345.7507x0728,cindy68@example.org
109,639-587-6869x095,jonesjessica@example.net
110,781.944.2678x6784,christopher94@example.com
111,(739)697-1359,jon35@example.com
112,001-632-544-0983x845,hortonashley@example.org
113,598.275.6927x5167,dominguezmanuel@example.org
114,784-690-3529,henryjonathan@example.org
115,371.734.6684x47052,cdixon@example.org
116,431.995.9462x80862,anthonywatts@example.com
117,556-566-0054,mitchellsharon@example.org
118,986-714-3031x9594,waynesimmons@example.org
119,001-913-587-3490x5052,elliottlawrence@example.com
120,402-858-8190,norman59@example.com
121,724-419-7378x9613,valerie11@example.com
122,648-361-9660x8751,triciaroman@example.com
123,5894257661,robertadams@example.com
124,533-562-2879x27498,frank49@example.com
125,+1-616-327-3933x53400,sarah85@example.net
126,206.347.1961,robertrivera@example.net
127,001-432-955-9511x50379,jonathanholland@example.com
128,(963)939-7913x4771,kennedyalexander@example.com
129,+1-256-318-2526x4485,fferrell@example.com
130,(519)736-8318x1621,allenkimberly@example.org
131,001-206-396-8935,bakermichelle@example.com
132,+1-751-578-9021,garcialogan@example.org
133,(845)292-2608,qanderson@example.net
134,001-349-774-6021x64974,katie30@example.net
135,(219)522-7791,uthomas@example.org
136,(547)956-7621,stonechristine@example.net
137,281.828.1508,lisariggs@example.net
138,418.260.3875x368,sclements@example.com
139,+1-446-891-6258x292,dshaw@example.org
140,001-605-551-8776x3573,nathan10@example.org
141,(342)717-5947x668,mparker@example.org
142,+1-494-325-0379,murraykevin@example.org
143,327.841.1468x2198,ffoley@example.org
144,001-978-592-0103x4998,waynebradshaw@example.com
145,(776)561-8564x377,joe11@example.net
146,725-968-0251x214,fsmith@example.com
147,+1-424-812-7199x2121,scotttrujillo@example.net
148,837.799.6139x466,nicole98@example.org
149,(521)481-4285,apetty@example.org
150,958.931.2108x8455,juliajensen@example.org
151,001-602-484-9697x080,karen82@example.org
152,(727)312-6157x384,ashleymartinez@example.com
153,+1-974-519-4550,hernandezpatricia@example.com
154,001-268-427-2641x075,bryan95@example.net
155,924.730.0654,donald08@example.com
156,247.889.0317x085,lcastillo@example.net
157,625-585-6867x762,carolineallen@example.com
158,8347665193,samanthaturner@example.net
159,311.789.3272x3618,mrussell@example.net
160,330-725-2459,johnsonconnie@example.net
161,4625361281,jensennicholas@example.net
162,+1-497-271-0562,levysteve@example.com
163,678-805-6440x8598,bmartinez@example.com
164,(577)646-7235,mark29@example.com
165,872-331-1359x55988,belljoshua@example.org
166,380.201.5976,brandy96@example.org
167,(595)257-8091,ataylor@example.org
168,001-988-312-4502x9428,gcross@example.org
169,001-233-632-8338x73618,anthonykenneth@example.org
170,+1-654-580-5997x31916,halljohn@example.com
171,(868)460-0194x54478,curtiswheeler@example.com
172,598-784-9732x61593,johnwhite@example.org
173,627-363-7892x52248,hbyrd@example.org
174,+1-259-391-7230x772,ewhite@example.org
175,331-546-7329x316,chungrandy@example.com
176,903.804.3867,tyler23@example.org
177,553.316.1028,tristan01@example.com
178,285-453-8448x12365,joshua97@example.org
179,+1-708-786-8919,connie46@example.org
180,001-659-286-5101x4759,tmendoza@example.org
181,293-207-7617x7958,smurray@example.com
182,440-688-2714x2515,larry79@example.com
183,667-329-7339,andrew48@example.net
184,001-927-814-2607x31316,woodmichael@example.com
185,(261)324-9239x66972,erichendricks@example.net
186,640-512-6920x38262,robert56@example.net
187,(777)670-6423x572,james78@example.net
188,(962)929-0536x92223,rebeccaholloway@example.net
189,(686)262-1444x0550,kevinfoster@example.net
190,+1-779-634-5381x805,bradleydavis@example.com
191,751.910.4279x81646,jacobjohnson@example.com
192,865-704-5191x633,shaun63@example.org
193,583.368.9018,gutierrezaustin@example.net
194,886-610-2341x3877,zellis@example.org
195,685-410-1934x06909,anitamcdonald@example.org
196,647.438.4764,nicolenguyen@example.net
197,925-354-5959,patrick91@example.net
198,001-278-827-6675,sbarnes@example.net
199,(321)438-2741,christopher10@example.org
200,3044797057,samueldixon@example.com
201,847-208-9442x72643,gilmorealan@example.com
202,+1-872-833-1043x7835,jason71@example.net
203,(465)612-8397,leeamanda@example.org
204,318-907-7408,johnsonlynn@example.com
205,(775)757-5868x390,gregbrown@example.com
206,583-374-2401,jameschase@example.org
207,001-526-224-2299,danielhouston@example.org
208,+1-944-457-9397x95176,edward65@example.org
209,620.591.7086x4502,ejones@example.com
210,001-874-751-5566x383,jorge16@example.com
211,001-222-248-8892x5470,bakerjason@example.org
212,775.659.1585,tmay@example.net
213,(634)458-1262,garciaclarence@example.org
214,839-693-6333x20860,julienicholson@example.org
215,571.300.9064,catherineklein@example.net
216,998-759-7303x14671,vnguyen@example.net
217,6289225162,fernandezmichael@example.org
218,607.413.2898,ucurtis@example.net
219,(310)356-4946,kylescott@example.com
220,001-866-719-2830,louis97@example.org
221,4662943724,figueroacindy@example.net
222,(415)960-2428x926,longjason@example.org
223,268.246.0465x960,adam54@example.org
224,682.671.2917,diana45@example.org
225,+1-966-204-1759x99838,palmerwilliam@example.net
226,3402137352,nscott@example.com
227,(439)818-8954,suttonmichael@example.com
228,532.849.9911,gthomas@example.org
229,827.529.8150,wadams@example.org
230,7275521461,tammy86@example.net
231,551.485.7554x01708,andersonlindsay@example.com
232,001-848-287-5988x6603,omurray@example.org
233,(542)595-2506,vgonzalez@example.org
234,(957)339-7868x328,latashalloyd@example.org
235,688.980.4825,phampton@example.org
236,996-766-0930x437,carolyncarter@example.net
237,001-866-949-1288x2794,josephjensen@example.com
238,(378)375-1494x77290,charlestanner@example.com
239,001-887-212-8556,anthonybates@example.net
240,(788)455-0345x0840,mark14@example.com
241,271-796-6818,zbates@example.org
242,(972)349-5121x29456,paulvincent@example.net
243,(415)793-1987x30040,cmason@example.org
244,562-291-4254,jonesdavid@example.org
245,001-976-917-2223x432,shelleymueller@example.org
246,(539)416-4876x66410,joneslynn@example.org
247,848.352.7028,rileytaylor@example.com
248,3392424571,stephanie75@example.com
249,(440)507-8541x48307,thomasjoshua@example.org
250,+1-277-801-0337x34849,brianlogan@example.org
251,+1-554-933-3705x798,janice71@example.net
252,001-652-426-9584,sgarcia@example.org
253,001-536-558-8769,christine72@example.org
254,426-258-4297,craignguyen@example.net
255,+1-458-389-1855,zacharybarajas@example.com
256,540-473-0010,christopher97@example.com
257,981-860-2835,cory11@example.org
258,+1-405-333-4034x6898,thorton@example.net
259,+1-628-795-8278x790,amber43@example.net
260,756-939-1587,scott34@example.com
261,001-915-658-8701x052,vhughes@example.net
262,(201)415-2579,nathanchapman@example.org
263,001-652-309-4520x60771,amanda71@example.net
264,282-986-3572,xwright@example.org
265,(613)374-2744,cgarcia@example.com
266,001-559-557-8364x65783,monicalong@example.org
267,(218)307-0378,tonypierce@example.org
268,(867)929-1142x286,dbrown@example.net
269,(839)506-9892,ihenry@example.com
270,+1-650-440-5715x597,gosborne@example.com
271,208-472-8158x8362,chencynthia@example.net
272,001-882-970-1966x322,joshua67@example.net
273,784.277.1706,sandrakent@example.net
274,574.408.2886,olivia58@example.org
275,975-457-2476x8983,morgan89@example.org
276,818-631-5548x7801,lwashington@example.net
277,(800)432-8859x47587,bbrady@example.com
278,800.598.3454,robert99@example.com
279,924.948.9547x14702,kerrkimberly@example.net
280,680.410.7379x13010,hannahgonzales@example.org
281,253-859-7044x517,sierra89@example.net
282,001-399-892-1885x595,hparker@example.net
283,350.947.3119x115,anne10@example.net
284,+1-683-923-8924,jerome49@example.org
285,305-306-1094x2491,douglasbartlett@example.net
286,5119607311,fguerra@example.org
287,283.868.1276x89559,rossdeborah@example.com
288,714.715.6151x788,shannonwilson@example.net
289,8419560731,maria71@example.com
290,001-849-703-9220x3997,camposleslie@example.com
291,+1-683-452-7903,leon93@example.org
292,001-881-348-7785,grichmond@example.com
293,+1-493-313-3625x7880,claudia35@example.com
294,591-443-2524x888,collinskenneth@example.org
295,226-688-3236x799,nelsonmichael@example.org
296,(577)667-5062x85413,ginagomez@example.com
297,600.785.8412x0414,tammygonzales@example.org
298,449.294.9948x586,karenhall@example.org
299,766.392.6501x75710,perezsonia@example.net
300,(613)914-1740x173,kelly99@example.net
301,700.440.8193x2154,mary97@example.com
302,(830)462-6197,mark29@example.org
303,735.955.0839,shawn37@example.com
304,946.355.9235,kimberly47@example.com
305,5885528560,perkinscarla@example.org
306,936.859.9825x17321,michael14@example.com
307,623.394.9214,catherine67@example.net
308,(749)519-9927,dbuchanan@example.com
309,887.449.3119x621,lewisalyssa@example.net
310,2077912149,riveramisty@example.net
311,001-684-732-1931x33419,hoodalice@example.net
312,(537)376-0893x6501,iowens@example.org
313,001-697-660-3296x94611,hickmanlisa@example.com
314,783.895.4337x4616,xthornton@example.org
315,955.623.8768,sanchezrichard@example.net
316,001-709-223-0495x27346,ruth05@example.org
317,956-699-4309x92001,rebecca04@example.net
318,835.754.7056x1469,david96@example.net
319,001-764-421-1670x27330,allisonhuynh@example.com
320,676-459-1366x09397,ffuentes@example.com
321,(274)933-7176x712,stanleyjason@example.org
322,619.263.3536x07132,greenvictoria@example.com
323,001-364-312-4160x130,amanda93@example.org
324,537.913.5099x1848,parkerangela@example.net
325,+1-583-286-2610x6860,gonzalezvirginia@example.org
326,(604)245-0747x23042,charlesbyrd@example.org
327,3519078400,davidadams@example.org
328,3502081382,angela52@example.org
329,(922)216-9363,amber51@example.net
330,586.583.6064x81057,rdavis@example.com
331,(656)933-5648x200,foconnor@example.net
332,630-641-9415x2136,istafford@example.com
333,001-780-521-3988x15301,cshannon@example.net
334,224-435-8915,olivia92@example.com
335,+1-761-924-9892x9349,ayork@example.org
336,820-221-0588,mary95@example.net
337,614-647-7735,myersmadison@example.org
338,001-471-738-3029x6789,wdalton@example.net
339,521.214.8574x74042,christopherstafford@example.org
340,861-337-2953,shelby32@example.org
341,+1-280-955-1277x152,simonterrence@example.com
342,921-650-4732x8934,marthaallen@example.com
343,360-432-6594,natasha98@example.org
344,+1-310-936-2313,ahoffman@example.net
345,001-375-634-5151,rebeccacrawford@example.org
346,386.611.7351x436,thomasdillon@example.org
347,(568)694-8631,michael50@example.com
348,637-460-7842x184,vargasjoseph@example.net
349,394-630-9792x141,oliviafrazier@example.com
350,+1-322-695-8398x668,kmartinez@example.net
351,896-632-2973x081,dorisgonzalez@example.com
352,(583)795-2835x3074,isabellacline@example.org
353,621.905.9302x74197,phensley@example.net
354,001-874-387-2918x059,veronicamorrow@example.org
355,(542)522-9216,davidgilbert@example.com
356,2916523473,reedsarah@example.org
357,380-228-6700x176,kmatthews@example.net
358,(591)926-1738,michelleaguilar@example.com
359,9739534450,michael19@example.net
360,(612)983-7889,dortiz@example.org
361,820.344.9136,benjamintucker@example.com
362,861-975-1152x95094,jennifer51@example.com
363,+1-341-911-9983x4508,lisa37@example.org
364,+1-330-205-1056x45814,espinozamegan@example.org
365,735.738.1978,hoffmancurtis@example.org
366,001-276-632-9869x591,hramirez@example.net
367,001-884-303-6304,lporter@example.com
368,+1-316-986-3854x23034,sharon87@example.org
369,+1-247-334-7321x6343,courtneypotter@example.com
370,(483)325-4918x3548,cynthiahernandez@example.net
371,401.897.5274,adrian53@example.net
372,(763)222-6879x773,margaretadams@example.com
373,001-484-564-5756x08107,ibryant@example.net
374,474-973-8744x9841,orrrussell@example.org
375,979.803.8559x852,elizabethphillips@example.net
376,982-338-4039x280,turnerkevin@example.net
377,001-311-207-3106x1586,serranorichard@example.com
378,7069132324,robinjones@example.org
379,6616051950,rayala@example.com
380,5072613876,holmesapril@example.org
381,001-546-542-8138x413,mjohns@example.net
382,5105114440,shortsheila@example.com
383,(386)463-4686x546,tammybrown@example.org
384,001-882-984-4001x9414,wilsonbeth@example.org
385,+1-696-976-7689,donaldyoung@example.org
386,(312)587-3748x119,adamnewton@example.com
387,(389)464-3004x5472,michelejones@example.org
388,(252)721-0460,jenniferconrad@example.org
389,001-996-986-0240x7720,angela49@example.org
390,+1-832-310-7361x513,randallcarpenter@example.net
391,597.524.7141,kimberlypowell@example.org
392,(996)559-6587x859,cody66@example.net
393,526.982.7039x32559,natashamcdowell@example.com
394,+1-513-614-3888x38542,njohnson@example.net
395,001-708-953-8002x160,donna13@example.org
396,692.578.7446,davidperkins@example.org
397,+1-733-424-4905x7674,monique22@example.com
398,+1-587-442-0611x6990,sbarrett@example.net
399,300.643.0327x54606,jennifer64@example.org
400,708-555-8660,duanebridges@example.org
401,001-746-804-5778x04485,elizabeth79@example.org
402,(784)343-0067x44673,ysanchez@example.com
403,(311)372-4358,newmanthomas@example.net
404,(337)663-9599x83752,tammyflynn@example.org
405,+1-324-685-2801,brandon57@example.org
406,270.565.5882,kim22@example.org
407,575.676.0359x2383,alexispearson@example.net
408,+1-636-721-8524x86476,zachary74@example.org
409,718-855-9316,john91@example.com
410,+1-965-343-3523x6130,agill@example.com
411,001-760-316-2274x6324,jacob75@example.com
412,(622)988-9469x9189,dsullivan@example.org
413,001-565-726-8679x282,mlopez@example.net
414,7967116005,ysavage@example.net
415,570-761-7928x61964,jessicamayo@example.com
416,571-850-5348,watkinsmaria@example.com
417,(694)408-4544,sheastephen@example.net
418,(436)228-4682,kellyking@example.org
419,224-568-0359x7618,brownmargaret@example.com
420,3768202195,fgreen@example.com
421,891-331-5324,jessica54@example.com
422,936-313-7212,benitezbryan@example.com
423,+1-909-853-6790x663,ihall@example.org
424,+1-242-780-8836x753,summer36@example.net
425,(484)627-6876x7756,wilsonnicholas@example.com
426,9825985987,beth37@example.net
427,(223)825-8805,heatherclark@example.com
428,763.888.9874,tylersharp@example.net
429,+1-316-475-1036x6565,edwardcampbell@example.net
430,855.851.6145x86946,lisabecker@example.com
431,(294)980-5121,cynthiacastro@example.org
432,900-735-7870x396,agonzalez@example.com
433,7746434997,pmoyer@example.com
434,491.984.0581x00392,perezdustin@example.org
435,612.532.7528x115,brittany90@example.org
436,673-687-8723,watsonjoseph@example.org
437,+1-473-657-6268x80352,emily43@example.com
438,947.370.8932x492,alyssabryant@example.com
439,(256)793-4811x728,johnsonanthony@example.net
440,(765)692-2889x68066,melissa00@example.net
441,001-320-653-5958x65893,deborah13@example.com
442,(984)680-8737x6928,bryanedwards@example.com
443,9218456685,denise56@example.com
444,407.588.5632x5140,caleb75@example.com
445,(485)369-6323x7173,yhunter@example.com
446,(684)448-4927,kellyangela@example.net
447,+1-876-555-7403x3599,nicholas42@example.com
448,385.236.6370x5127,carllogan@example.com
449,8008417231,feliciareeves@example.org
450,(927)234-3961x2382,gmoran@example.com
451,401.245.9823,melissascott@example.com
452,402.393.2491,meyerjessica@example.org
453,(349)563-2976x5030,spencealicia@example.org
454,439-374-9478x927,nkerr@example.net
455,818.852.4449,yevans@example.net
456,(779)201-8349x1082,alexisjones@example.org
457,001-394-559-0348,atkinsangela@example.com
458,(760)388-3369,courtneymcmillan@example.com
459,(895)815-2053x68577,tramirez@example.com
460,542.957.6369x1360,frank07@example.com
461,492-613-7153,castillocharles@example.net
462,221-429-3444x42829,jenniferrivera@example.com
463,619.776.8813,hmartinez@example.org
464,+1-707-264-3809x7731,david95@example.org
465,9864103133,pettyheather@example.org
466,461.878.3449,tuckerariel@example.org
467,001-664-232-0748,tammyliu@example.org
468,001-666-890-1429x00358,paul21@example.com
469,269-392-5035,jesseharrison@example.net
470,679.288.4659,lwerner@example.com
471,001-602-479-9910x78379,thomas29@example.net
472,770.218.1255x751,stevenestrada@example.com
473,5796412282,barajasleslie@example.net
474,207.536.1590,wduran@example.net
475,8005821628,coreyhamilton@example.com
476,001-220-710-3569x036,leonglenn@example.net
477,(531)231-6675x6138,jacksonkristina@example.net
478,+1-494-740-4733x905,brandonanderson@example.com
479,(977)894-6387x863,mweber@example.net
480,693.558.6776x05263,mary10@example.net
481,491.538.3555,zwebb@example.com
482,+1-677-559-2549x24610,amywhite@example.com
483,7392665159,james01@example.com
484,+1-937-424-4618,leahboone@example.net
485,438-496-4160x8313,kevinthomas@example.org
486,(582)239-5614x3198,emily20@example.com
487,645.500.8851x4608,haleybrown@example.com
488,(275)339-8759,frivera@example.com
489,(690)852-8392x6206,timothylevine@example.net
490,855-283-8752,foleyjessica@example.com
491,001-209-229-0374,cobbgail@example.net
492,3827237760,uwarner@example.org
493,703.989.0086x9963,lauramoreno@example.net
494,860.639.9093x308,hernandezchristopher@example.net
495,+1-596-447-4693x577,christopherromero@example.net
496,+1-875-269-8477x94288,lisaperry@example.net
497,(304)347-2167x898,crystalpatterson@example.org
498,001-742-428-1466x8478,erica39@example.org
499,859-484-2309x82635,lward@example.net
500,001-227-294-8707x2236,henryheather@example.com
501,001-636-643-7701,rsmith@example.net
502,237.438.4368x569,jacqueline53@example.org
503,+1-306-204-7766x14814,harrytaylor@example.org
504,(975)418-1537x535,moliver@example.com
505,+1-492-477-5383x27875,iodom@example.org
506,994.568.3288x2288,webbcheryl@example.net
507,(506)588-3913x7445,brian89@example.com
508,001-947-321-9676x2921,davisdiane@example.net
509,850-217-0655x1159,brandonmatthews@example.net
510,964.214.7813x05699,goodadam@example.com
511,869-566-1618x945,cooperroger@example.net
512,001-497-795-2211x287,wilkinsonsydney@example.org
513,537.535.1141,hooverdanielle@example.net
514,2736930018,russelllisa@example.net
515,(424)832-6213x429,bushwilliam@example.com
516,547-766-7812x69323,sfoster@example.org
517,(711)836-8500x9915,wilsoneric@example.net
518,+1-613-903-5616x921,mhall@example.net
519,666-514-1706x9531,juarezjoseph@example.org
520,001-921-307-7356x92574,karnold@example.net
521,(686)978-1663x8693,alex49@example.net
522,792-479-2309x481,garciasteven@example.org
523,+1-463-848-8259x70277,oroberts@example.org
524,001-318-366-0339x849,patrickbell@example.org
525,944.230.9643x169,rojascarolyn@example.com
526,330-208-6115x39583,gina34@example.net
527,962-639-6812x0849,michelleholt@example.com
528,(586)763-5079,victoriahill@example.net
529,+1-524-930-8242,ythomas@example.com
530,616-336-7936,kathyclark@example.org
531,891.812.4494x600,blakedouglas@example.org
532,697-578-1480,matthewwilliams@example.org
533,+1-392-437-0559x917,christopher50@example.org
534,232-813-8847,yolandagregory@example.net
535,6349947057,mwoodard@example.org
536,(339)901-7199x144,pamela74@example.com
537,001-560-540-1501x416,melissa13@example.net
538,001-388-849-4638x46265,heatherferrell@example.net
539,722.815.1824,ospencer@example.net
540,421.432.8094x50961,dmassey@example.net
541,366.661.1393,chaseponce@example.org
542,587-850-9004,valentinecalvin@example.com
543,240.893.1559,deleondale@example.org
544,6202513632,abigailwilliams@example.net
545,514-519-7669x817,usmith@example.org
546,001-800-827-8571x85759,carla21@example.net
547,+1-656-614-1794x4577,jsloan@example.com
548,(484)288-5751x904,morgansmith@example.org
549,322-901-5735x53349,rrichardson@example.net
550,+1-524-965-9322x3305,terry78@example.com
551,3634336460,christophermcbride@example.org
552,410.431.8464,glendaconley@example.com
553,(757)955-7125x05517,christinereese@example.com
554,(897)679-1439x79570,dustin36@example.net
555,897.887.5475x531,raymondsmith@example.net
556,+1-224-303-7930x496,jjohnson@example.com
557,+1-303-995-3075x28192,obrennan@example.org
558,6302553914,turnercollin@example.org
559,(754)969-0644,iwilliams@example.net
560,(311)630-7690x17654,williamsonbenjamin@example.org
561,+1-244-638-2525x3144,raymondvaughn@example.net
562,(205)424-1386x4850,pauljackson@example.com
563,(375)449-1446x311,mary88@example.com
564,730-333-1887x61312,mpalmer@example.com
565,+1-671-530-3675,jameswilkerson@example.net
566,+1-440-617-2065x53897,jessica63@example.org
567,9404427971,millerheather@example.net
568,484.851.6643x3298,afranco@example.net
569,+1-492-864-9277x8885,jennifermills@example.net
570,522.378.9803,jacobobrien@example.net
571,878-943-0998,jeffreycox@example.com
572,716-537-4172,collinscameron@example.org
573,503-204-3955,jonesjimmy@example.org
574,001-704-504-4438,josephmanning@example.net
575,5998629902,shawn06@example.net
576,(607)370-1062,bowenkatie@example.net
577,417.672.0315x6539,lbrooks@example.net
578,+1-788-335-8838,brendaperry@example.net
579,(757)287-7922,qhorton@example.net
580,784.474.8843,williamschristine@example.net
581,335.870.3622,patriciamcdonald@example.com
582,863.532.9848x33213,mdavis@example.net
583,+1-588-230-8791,zjones@example.org
584,441-351-7907x4548,bbennett@example.com
585,728.274.7435,stephanie90@example.org
586,920.827.7360,imarquez@example.net
587,746.486.6879x04982,george09@example.com
588,001-599-728-6626x47500,tuckerbrian@example.net
589,(612)340-0070,matthewcuevas@example.org
590,(818)878-7349x0702,ricecraig@example.net
591,(215)301-3291x0287,michael88@example.com
592,384-304-2030x3591,deborahsanchez@example.org
593,(446)438-9791,johnsonfranklin@example.net
594,326-986-7415x95035,bennettteresa@example.net
595,561-797-4353,harrisontiffany@example.net
596,432-821-1703x1132,christina97@example.net
597,849-350-3125x89212,mdecker@example.net
598,307-713-6653,samantha92@example.org
599,+1-853-731-1480x9487,crystallewis@example.org
600,8088632353,rcarroll@example.net
601,820-611-2360,erika59@example.com
602,001-932-999-0869x884,bcurtis@example.com
603,+1-616-806-5394x2478,jacqueline94@example.com
604,+1-730-455-8488x54986,griffinpaul@example.net
605,001-809-886-5347x81287,diazlauren@example.org
606,616-905-1963x623,vanessa29@example.org
607,879.765.2112,carol24@example.org
608,570.503.8170x068,jestes@example.net
609,905-999-1494,lance25@example.org
610,+1-499-966-2067,dingram@example.com
611,001-858-993-4561x4960,rramirez@example.org
612,+1-647-974-7482,wmayo@example.net
613,535.830.4988x85220,acostasamuel@example.org
614,001-500-829-8754x253,eballard@example.net
615,515-960-7989,williamphillips@example.com
616,279-596-8976x45911,cynthia77@example.com
617,588.224.1280x3013,vcarroll@example.com
618,+1-646-699-3698x3520,deborahhawkins@example.org
619,762.401.1390x253,nstewart@example.net
620,001-753-712-7815x8786,lgoodman@example.org
621,(539)256-8051x211,brandonmccullough@example.com
622,001-241-310-3268x016,carol65@example.net
623,459-444-9899,patrick23@example.org
624,536.730.2617,diana23@example.com
625,434.986.2576x26119,rnorris@example.net
626,(622)433-3017x518,sarahmayo@example.com
627,528-611-4561,huberwesley@example.com
628,001-680-409-4705x9649,caseyjohn@example.net
629,529.797.3582x16543,terry35@example.com
630,424.989.6620,obond@example.org
631,+1-709-396-5902x618,flamb@example.com
632,001-344-344-3050,wongnicole@example.net
633,001-593-343-0528x739,donna37@example.org
634,213-683-9419x80049,cookeandrea@example.com
635,648-349-8545x415,staffordfaith@example.org
636,+1-603-567-5847x44647,kwong@example.net
637,+1-251-430-3565x91224,robinmatthews@example.com
638,505-912-9258,maria94@example.com
639,+1-724-418-4543x9393,ryan31@example.org
640,821.567.4671,drew56@example.net
641,001-436-533-0815x2095,stanley79@example.com
642,765.278.2934x049,robert97@example.com
643,489.551.6210x330,acox@example.net
644,001-622-890-6456x2035,butlerstacy@example.org
645,(844)775-2308,jennifer34@example.net
646,(895)327-1319x78913,brobinson@example.org
647,+1-505-620-9403x34005,tammysanchez@example.com
648,8348178579,drakejessica@example.org
649,8226816372,angiesmith@example.org
650,795.934.3774,davispeter@example.com
651,244-509-7197x61133,zgomez@example.net
652,001-391-327-3472x235,hendersonsara@example.org
653,+1-695-249-9502x66615,lbell@example.net
654,+1-835-745-5022x2853,larsontimothy@example.org
655,+1-365-435-8838x0283,mooneymichael@example.com
656,942.768.7963,asmith@example.org
657,431-740-2084x677,baileybonnie@example.com
658,001-231-425-4830x0380,william20@example.net
659,3939414419,kirktimothy@example.net
660,+1-260-270-1586,barry54@example.net
661,277-899-9073,sthompson@example.org
662,+1-271-463-1771x18935,tarawilkinson@example.net
663,844.618.0770,jamiewilliams@example.com
664,001-781-444-0371x3523,robertjordan@example.org
665,4465247663,youngaustin@example.com
666,531.818.2902x961,rodriguezpamela@example.net
667,001-469-497-6220x728,newmanrachel@example.org
668,+1-810-435-9949x4820,emartin@example.net
669,805.601.1678x92037,shannoncastillo@example.com
670,001-249-794-1822x57442,williamsryan@example.org
671,9589488845,courtneybennett@example.org
672,(802)295-7357,stewartmargaret@example.com
673,001-261-527-1696x6390,dawnmassey@example.net
674,658.600.3827x007,kbarnes@example.org
675,001-281-916-2336x9061,rachelhamilton@example.com
676,(969)846-7549,curtismcdonald@example.net
677,643.973.3576x424,obrown@example.com
678,556-608-0259,pamela77@example.com
679,+1-834-545-4794x394,codymorton@example.org
680,+1-275-939-5566x3811,jclay@example.net
681,910.801.8922x9046,schmidtdanny@example.net
682,001-806-367-3825x76220,meganlee@example.net
683,+1-211-964-5513x790,jordan39@example.com
684,381.463.0648,astevens@example.com
685,+1-766-780-9626x72960,patrick83@example.net
686,476.214.7493x20471,robert42@example.com
687,462-382-5984,kellydeleon@example.net
688,533.919.8184x244,zgomez@example.org
689,001-937-470-0002x37984,liucheyenne@example.com
690,(389)545-0652x7875,stewartkyle@example.com
691,624-993-8911,johnmartinez@example.com
692,642-349-3203,michaelunderwood@example.com
693,561-404-8239,mariagraham@example.org
694,850-248-8078,emily75@example.com
695,559.558.4876,bellcurtis@example.com
696,502.724.3496,lwatts@example.net
697,538.239.5341x674,sarah16@example.org
698,001-307-410-4461,andersonjennifer@example.net
699,001-517-600-0176x82323,aguilarjanice@example.net
700,001-410-429-5686x935,samuelriggs@example.com
701,+1-668-967-5226x09899,bradleydurham@example.com
702,869.214.0379,johnsonbecky@example.org
703,+1-591-642-7016x4296,gregorykaren@example.net
704,5317474004,dawn16@example.com
705,(546)708-6684,aerickson@example.org
706,+1-246-987-4045x542,ramosmiguel@example.net
707,001-254-214-5118,karldavis@example.com
708,001-511-949-1742,gherring@example.com
709,988-718-9558,linda02@example.org
710,967.377.7727x2965,dakotamiller@example.net
711,(670)975-5244x36968,megan66@example.com
712,235.895.3709x668,caroline60@example.org
713,692-749-0219x7481,moorebrandon@example.com
714,(693)845-8705x0742,monicabrown@example.org
715,(734)598-9520x85593,caitlin79@example.net
716,001-438-536-6871x336,samanthadaniels@example.com
717,245.639.0315,richarddavid@example.net
718,(827)321-4850,kelli78@example.org
719,(671)375-6184x4785,xthomas@example.net
720,(934)784-6567x7282,peggy87@example.net
721,4073309990,donnarose@example.com
722,699-893-6240x143,vhuffman@example.com
723,465.841.3609x4297,chadpittman@example.net
724,(598)936-0500x5642,fbeck@example.org
725,001-917-685-8463x4125,figueroaandrew@example.com
726,854.818.4199x99696,julia71@example.com
727,855.885.6454x155,gmiller@example.com
728,(976)834-0401x73696,mhuber@example.net
729,(413)970-6186x07000,prussell@example.net
730,001-754-522-0823,juliedavis@example.net
731,(456)989-0442,jaredhines@example.com
732,001-633-519-8809x7250,reedvictoria@example.org
733,6049405316,ellislynn@example.org
734,464-607-8356,marybaldwin@example.com
735,677.856.7493,eevans@example.com
736,487.286.0880x19890,dianeharper@example.net
737,(475)831-0441x23415,hwalters@example.org
738,426.254.0255x453,sarah33@example.net
739,+1-231-907-7671,qpitts@example.net
740,+1-927-333-9506x49641,nunezpamela@example.org
741,986.614.9665x083,janicegolden@example.org
742,(732)235-9038x4861,michaelthompson@example.net
743,914.655.2135x96507,banderson@example.net
744,7165972741,jamesramsey@example.net
745,925.310.6731x96054,loganmary@example.com
746,001-968-411-6026,glassmegan@example.org
747,5777875738,richard95@example.org
748,684-737-9162x850,monicasmith@example.net
749,636.230.9715,patricia33@example.org
750,263-348-3904x8831,john06@example.net
751,+1-865-585-8210x097,nray@example.com
752,(491)753-5469x931,kevinmclaughlin@example.com
753,+1-405-284-0964x823,kristin79@example.org
754,001-518-391-9189x20585,williamsbecky@example.com
755,8677800374,danielgarcia@example.net
756,+1-961-741-2249x7557,schwartzrichard@example.net
757,321-800-6172x5110,haley50@example.com
758,534-825-8930x2453,hmack@example.com
759,+1-415-904-6352x83728,fritzdavid@example.net
760,720.693.1785x969,yturner@example.net
761,001-581-319-8493x472,laneharry@example.com
762,(573)726-9606,april18@example.com
763,+1-504-976-2811x2613,hallmichael@example.org
764,239-744-4996x96064,rollinswilliam@example.com
765,486-784-5177x074,ashley06@example.org
766,001-756-966-7452x61209,ireynolds@example.net
767,482.842.9717,kellie33@example.net
768,812.561.6648,wongmichael@example.net
769,213.576.6179x779,justin05@example.org
770,+1-766-509-6267x84572,ngarza@example.com
771,+1-773-341-8315x2708,powellkaren@example.net
772,001-515-539-0728,jesusdrake@example.org
773,(482)641-5702x803,ricky90@example.org
774,260.843.6640x9224,barnesjoshua@example.org
775,(530)686-4327,imckee@example.org
776,001-457-446-3369x608,afrancis@example.net
777,490-523-6751,adam80@example.com
778,001-295-574-5875x21907,palmerrodney@example.com
779,465.810.2468,davidhaynes@example.net
780,(224)607-8447,hprice@example.com
781,824-917-4282x68636,stephaniemendez@example.com
782,(808)736-8425x36259,fmichael@example.org
783,897.295.1454x4215,dmorales@example.com
784,001-674-415-7582x77772,samuelkramer@example.org
785,6846949524,welchdevin@example.org
786,465.779.9564x192,houstonbrian@example.com
787,001-705-957-1851,conniehopkins@example.net
788,357-896-5958,jameshernandez@example.com
789,570.836.7896x370,nelliott@example.com
790,(537)867-9706x5867,roberto03@example.org
791,(985)898-4101x64426,iedwards@example.com
792,001-272-991-3333x7717,chloehall@example.com
793,(918)643-2669,torrespatricia@example.com
794,(348)665-7810x9764,sbauer@example.org
795,+1-557-254-2010x9692,angela81@example.com
796,598-774-4704,brentmyers@example.net
797,(363)715-8150x2345,tcalderon@example.org
798,225-331-5826,snowbrian@example.net
799,654-934-0186x45491,richardpowell@example.net
800,3159849561,hparsons@example.org
801,+1-835-391-4326,wendyherrera@example.org
802,001-735-502-0722x34136,ajenkins@example.net
803,001-989-572-8804x6936,rhart@example.net
804,+1-986-858-8219x7304,nmeadows@example.com
805,3268400587,camposronald@example.com
806,2474324759,wallen@example.com
807,001-876-590-6719,travishenderson@example.org
808,2914488058,catherinewillis@example.net
809,241.872.4744x251,walkerfrank@example.org
810,486-741-9506x67768,ogilbert@example.org
811,001-798-869-5723,goodmanryan@example.com
812,575-279-8113x669,ashleysantos@example.org
813,+1-549-240-7134x622,manuel92@example.com
814,212-288-3688,catherine40@example.net
815,001-558-379-7337,zvasquez@example.org
816,634.332.9186x587,simpsoncynthia@example.org
817,416.837.0943x178,cheryl27@example.net
818,001-919-630-8330x4253,larry39@example.net
819,001-456-905-0017x08211,claire20@example.com
820,+1-698-545-8089x57892,harrisjohn@example.net
821,(619)640-7352x204,johnsonjohn@example.com
822,001-480-428-1098x25038,daniel88@example.com
823,587-732-9646,ygibson@example.net
824,296.325.7115,wilsonlarry@example.com
825,+1-359-646-8640,wrightrussell@example.org
826,969-956-2914,ashleymurphy@example.org
827,592-421-9542x56860,gravestimothy@example.net
828,+1-368-416-9508,imorgan@example.org
829,+1-545-453-5537x38674,josephjones@example.net
830,787.379.8060x003,stephaniewilliams@example.org
831,(471)814-6437x3192,shepardvincent@example.com
832,759.882.2651x6113,beardcalvin@example.net
833,462-360-3174x5603,melissa09@example.org
834,326-467-4241,barbarapierce@example.org
835,(215)657-9654,josephjohnson@example.org
836,001-655-706-5878x865,ddiaz@example.net
837,343.458.2551x45800,pcoleman@example.org
838,346-765-3365x00748,vpham@example.com
839,(507)383-3884x3010,hoganphilip@example.com
840,+1-973-898-6002x555,donald54@example.com
841,529-716-6838x817,bryanwebster@example.com
842,001-552-216-3575x93029,fbishop@example.net
843,001-522-862-7288,christinekelly@example.net
844,+1-770-487-3515x3879,nathanlong@example.com
845,255-788-1318,michelle15@example.org
846,001-426-351-4307x685,whitemichael@example.org
847,305.514.3041x8634,heathersutton@example.com
848,473-942-2466x055,davidsonkayla@example.org
849,+1-442-416-5381x41550,owatson@example.org
850,843.767.7869x250,robertpeterson@example.net
851,(569)323-1237x4532,matthewbriggs@example.com
852,662-718-6310,cheyenneprice@example.net
853,508-817-7934x250,kylie12@example.org
854,(538)394-1157,lorrainesparks@example.org
855,250-994-4841x389,qchandler@example.net
856,2182460404,benjaminwhite@example.com
857,350-762-9077x135,zscott@example.net
858,395.540.7008x315,kimberlyhill@example.org
859,+1-357-920-7776x5025,hmendez@example.net
860,+1-633-462-4919,jessica72@example.org
861,647.353.5703x3041,dianalewis@example.com
862,613-585-9938x129,jaime44@example.com
863,(739)321-2122,suzanne10@example.org
864,2565324818,zwalker@example.net
865,(228)839-6629,ymann@example.net
866,+1-430-430-8113x13227,hayala@example.org
867,6158994906,dianagibson@example.com
868,785-757-9743,david33@example.org
869,850-851-7898,fparker@example.com
870,(257)490-5157x71770,leerhonda@example.net
871,001-656-344-1890x838,pattersontristan@example.com
872,(487)312-8752,andersonlisa@example.net
873,(228)682-0715x6823,christopher05@example.com
874,(667)328-7019x4154,breannatravis@example.org
875,487.782.1646x210,brookspaul@example.net
876,(838)355-5395x64846,shannonmarshall@example.net
877,326.543.4353x8713,taylortraci@example.net
878,(738)695-5051,rebeccabeasley@example.org
879,4098343636,andrewwarner@example.org
880,5609781590,toddwalker@example.net
881,354.301.3854,thomasrivers@example.org
882,221.775.4448x75257,danieldeanna@example.com
883,582-505-0386,lawrencebrittney@example.net
884,+1-924-713-7822x177,lawrencemcneil@example.com
885,001-207-507-2783x420,thomasmike@example.net
886,+1-914-808-5669x888,qgarcia@example.net
887,558.716.0450,cameron06@example.com
888,724-524-8289,vmartinez@example.org
889,+1-200-425-6315x789,deborahnichols@example.com
890,921-656-1576,jeffrey53@example.net
891,001-623-576-2529x563,stephaniesaunders@example.org
892,9886059904,buchananbilly@example.org
893,742.379.1194x73421,christopher51@example.org
894,581-448-5895,millerkatie@example.com
895,+1-833-917-0122x48191,randy32@example.org
896,525.705.4643x12516,barbara04@example.net
897,9433571528,kennethallen@example.com
898,4323843132,smithadam@example.com
899,+1-552-445-1078x370,jamesmitchell@example.net
900,+1-297-772-0448x39901,hintonlori@example.com
901,697-351-2786x7325,guerramark@example.com
902,572-445-7083,david59@example.net
903,778.766.3559x30945,watkinsallison@example.org
904,941.804.8813x49862,sandra35@example.com
905,9682775827,brookejohnson@example.org
906,919-345-8522,lsnyder@example.org
907,774-660-4275x69041,bcarlson@example.com
908,754.520.6592x8072,charlottejones@example.com
909,4657647219,vangsandra@example.com
910,001-505-871-0425x6845,joseph96@example.net
911,5176998337,chandlerryan@example.com
912,(781)543-8950x561,elizabethhughes@example.com
913,371-496-3444x362,teresablake@example.com
914,001-884-717-5820x09496,thomasjohnson@example.com
915,817.266.9492x01785,olynch@example.net
916,(411)800-2523x368,tracy24@example.org
917,(552)841-4538x70261,joshua16@example.com
918,8395293794,gwendolyn17@example.org
919,544.653.5826x71650,collinsjulie@example.net
920,001-269-737-5471x58961,carrie89@example.com
921,554.221.0998x8385,eric44@example.org
922,350.737.1097x6732,awilson@example.com
923,412.753.2339,roberto92@example.org
924,+1-586-228-6430,doughertykimberly@example.org
925,001-589-488-1290x5889,bettypeters@example.net
926,(806)747-5851x114,jenniferbauer@example.org
927,(933)986-8781x0146,xscott@example.net
928,(858)608-9977,pachecowayne@example.net
929,539.691.2178x132,boyletheresa@example.net
930,+1-801-461-3485,russojill@example.com
931,001-720-476-7985x222,jaime15@example.com
932,(802)677-6240,wagnerhannah@example.org
933,(692)283-1806x1067,theresalindsey@example.com
934,(380)365-3032x013,hannahwalsh@example.org
935,001-762-537-4786x4695,jessicagriffin@example.com
936,001-500-236-3430x092,thorntonandrea@example.com
937,742-961-5410,michaelbarber@example.net
938,657-807-3160x04801,oyoung@example.net
939,2176775482,dennisnewman@example.com
940,001-807-999-1705x34146,ianderson@example.org
941,001-857-316-5266x5971,justinkim@example.net
942,789.681.6503x38952,bishopmelinda@example.net
943,(918)839-8611x33242,mcgrathdarrell@example.com
944,513-707-0687x48012,rosshaley@example.net
945,+1-332-875-6267x381,davisrachael@example.net
946,(888)394-5207,kylereed@example.net
947,+1-594-618-8774x82830,stevenfrost@example.org
948,941-606-9444x17662,kaylachavez@example.net
949,246.817.1248x3771,alyssa15@example.org
950,(936)705-0825,nguyenrobert@example.com
951,9062455983,jonathan20@example.com
952,505-455-8019x07907,pdorsey@example.net
953,+1-636-374-3151x024,coreygomez@example.com
954,901-326-1544x9537,arodriguez@example.org
955,001-933-391-5966x3169,amanda26@example.com
956,+1-417-245-5604,starklisa@example.org
957,9093552879,mendozarobert@example.com
958,+1-380-511-8784x156,qcarr@example.org
959,906.881.4587,jeffreyholt@example.org
960,+1-517-746-5689x871,tspence@example.com
961,528-555-5773x667,nblair@example.net
962,001-244-842-6086x96836,phillipscarrie@example.net
963,712-250-0489x3408,dalvarado@example.org
964,388.960.2393,cookebrett@example.org
965,371.473.5323,bryantpaul@example.net
966,(831)214-7695,angela32@example.org
967,478.302.4417x079,monica96@example.com
968,(512)397-7930x63625,tracy76@example.org
969,(812)351-6631x580,fholloway@example.net
970,001-437-323-2534,carrillojustin@example.com
971,2114588117,afrancis@example.org
972,001-782-589-9160x4430,jacksonkathryn@example.com
973,(456)461-3673x66106,james46@example.net
974,638-383-7302,ibarry@example.net
975,399-458-2926x5345,howellrichard@example.com
976,641.795.1962x66814,jacqueline54@example.net
977,(697)282-6594x6755,gwilliams@example.net
978,2967019234,dustin00@example.org
979,350-395-3810x943,suzanne54@example.org
980,+1-389-779-8354x14502,theresa68@example.com
981,+1-643-902-8872x670,troy54@example.net
982,856-705-5765,emmanelson@example.com
983,001-383-217-8764,pattersonaudrey@example.net
984,3785317994,brownstacy@example.net
985,(309)408-9205x7703,timothy30@example.net
986,937-792-7560x4894,christopher75@example.org
987,851.918.3875x47748,jacobjohnson@example.org
988,909-251-1313,kimberly74@example.org
989,+1-765-283-2195x48556,hopkinsjohn@example.net
990,(828)441-4943,ryan98@example.net
991,001-564-264-1469x64760,emilytaylor@example.com
992,001-459-407-1471,tylerlewis@example.net
993,(456)821-7812x68939,matthewjimenez@example.net
994,(750)639-3522x2807,taylor01@example.com
995,(223)639-4729x23464,vmiller@example.com
996,(375)712-3359,yballard@example.org
997,(489)404-7590x8558,ujohns@example.org
998,(361)216-7689x34497,jacksonkaren@example.org
999,628-865-1448x53397,brooksashley@example.org
1000,814.244.1242x662,meghanmayo@example.net
