client_contact_id,phone,email
1,247-251-2922x5248,udaugherty@example.com
2,7149927387,christopher51@example.org
3,001-366-334-5049x94870,christopher84@example.net
4,(291)495-7025,teresa82@example.com
5,001-535-224-3418x5343,barry56@example.org
6,544.954.0678x490,sandrasmith@example.org
7,001-698-995-0022x965,hernandeznathan@example.com
8,901.507.1784x527,aaron80@example.com
9,001-417-399-6280x587,erin14@example.net
10,+1-724-339-4961x2321,ggarcia@example.org
11,(426)335-5208x299,stephanieburton@example.net
12,946.659.0251,fsandoval@example.org
13,(952)865-3142,nealjames@example.net
14,(601)747-6347,kathrynford@example.com
15,786-297-6945x828,phillipshaley@example.com
16,(236)375-7368x768,josewright@example.net
17,246-398-4634,kevinowens@example.org
18,520-209-3797x803,glennvaughan@example.com
19,465-981-0689x18513,gomezjohn@example.com
20,958.382.7905x7062,smithjeffery@example.net
21,(722)925-5269,todd82@example.org
22,001-376-250-4257x5920,umiller@example.net
23,+1-656-703-9497x350,thart@example.org
24,001-230-661-6706,jasonbishop@example.com
25,001-308-252-0032x219,beckerkaylee@example.org
26,(315)527-2697,melody43@example.org
27,001-505-289-7985x9405,kimberly05@example.com
28,001-491-953-1723x37501,moorestephen@example.net
29,970.639.0670,richard60@example.org
30,804.282.1636x607,xavier20@example.net
31,293-488-3392x3618,bonnie01@example.com
32,(735)646-3301,lindahernandez@example.net
33,779-675-4851x9603,erinwalker@example.com
34,247-680-0850,jacqueline16@example.org
35,(762)593-8293,thompsonadam@example.net
36,4188211777,sfuller@example.org
37,687-470-8741,vsnyder@example.net
38,(458)719-6591x176,njones@example.net
39,001-924-813-5079x07768,deleontara@example.com
40,(349)583-7988x89911,ashleyperez@example.org
41,001-530-470-2453x9273,qflores@example.net
42,+1-958-660-5727x25951,rogerdennis@example.org
43,001-585-436-4431x688,williesanders@example.com
44,565.870.1962x921,gilbertellen@example.org
45,001-265-960-4294,calvin19@example.com
46,001-671-365-7448x786,weavermicheal@example.org
47,001-730-247-4964x713,petersonaaron@example.org
48,001-240-596-9008x794,amy66@example.com
49,+1-899-675-8438x6852,hrichards@example.com
50,+1-471-317-1849x13645,catherinemartinez@example.com
51,(523)884-0900x074,aaroncalderon@example.org
52,775-727-8144,cody61@example.org
53,+1-487-413-9541,yjordan@example.org
54,895.492.6891x029,wprice@example.com
55,(546)739-9237x85040,gfuentes@example.com
56,320.503.8056,michelle10@example.com
57,001-630-582-1766x1886,paulflores@example.net
58,265.895.3516x8206,xharmon@example.net
59,001-565-579-2237x40921,bsmith@example.net
60,6892813058,carterrachel@example.com
61,+1-378-723-5547x3823,jacquelineroth@example.com
62,411-449-8849x9913,katherinetaylor@example.net
63,643-625-9957x446,ijohnson@example.net
64,+1-460-951-6187,markbell@example.org
65,(711)946-9474x7152,youngjulie@example.org
66,001-241-768-5005x767,jeremycampbell@example.org
67,001-578-984-5259x5603,timothy64@example.com
68,001-528-861-9172x95438,terrykaren@example.net
69,472-487-2666x41416,oschwartz@example.net
70,(562)806-6607x2560,welchann@example.net
71,+1-922-716-9635x594,travismarcia@example.net
72,766.684.2453,hollybradley@example.org
73,808.459.6956x6716,cynthia75@example.org
74,4126125318,michelegoodman@example.com
75,+1-448-309-5671x55271,susansmith@example.com
76,377-601-5254x1753,munozjessica@example.net
77,(716)420-9274,marythomas@example.net
78,820.346.2967x581,linda58@example.com
79,908-241-5341x664,scantrell@example.net
80,001-562-424-1027x12993,daniel38@example.net
81,+1-418-877-3330x9513,lisajames@example.com
82,(221)724-1111x738,chadbenjamin@example.net
83,279.406.8127,marilynfernandez@example.com
84,+1-806-854-5037x85465,marquezdaniel@example.net
85,876-258-6103x278,edavis@example.net
86,640.985.0328,joshuadaniels@example.net
87,001-891-375-8421x220,cooksandra@example.com
88,(885)255-7807,teresa50@example.org
89,882-607-3262,lisa50@example.com
90,001-571-970-0898x857,sanchezjoshua@example.com
91,531-363-5209,stephaniejohnson@example.org
92,2372866380,zacharyrich@example.com
93,214.556.5467x8933,benjamin20@example.com
94,(921)778-0195x7639,wjackson@example.com
95,981.307.4601x6053,rossjacob@example.net
96,279.887.4780,gregory44@example.net
97,001-531-569-1068x997,kimberlyhicks@example.org
98,410.809.5487x340,gdavis@example.net
99,915.367.6637x452,lewismarcus@example.org
100,2297531932,schwartzshannon@example.com
101,(478)646-2489x2383,georgeeric@example.net
102,860-332-2297,chandlerkaren@example.com
103,863-274-3733x651,bruce18@example.org
104,890.675.3511,oconnoralan@example.com
105,296.836.7245,davisdavid@example.com
106,470-434-0521x111,michaelmorris@example.net
107,(641)737-5068,martinlarry@example.com
108,460-482-6437,bpetersen@example.net
109,+1-311-941-9211,cunninghamlisa@example.org
110,9574497097,baldwinthomas@example.com
111,7212206907,nicole03@example.com
112,4583784019,kimgonzalez@example.org
113,001-948-945-0794,campbellrobin@example.net
114,+1-743-834-3571x72242,middletonpaula@example.com
115,365.291.1770,denisele@example.org
116,624-894-8761,yalexander@example.com
117,+1-560-337-5052x06043,shouse@example.org
118,841.936.9401x80137,matthewtaylor@example.org
119,001-460-954-5907x116,kevin50@example.org
120,(834)761-3590x07136,vanderson@example.net
121,(840)304-0415x727,jim90@example.com
122,(308)833-6288x2633,brenda99@example.net
123,(268)538-0649x080,loganwebb@example.org
124,786-415-1675x80776,fjones@example.com
125,001-914-434-2212,willie12@example.net
126,727.784.2470x59481,dawn45@example.com
127,270.240.8167x643,qchan@example.com
128,+1-641-621-2029,mbarnes@example.net
129,224-712-4615x54935,gordonwilliam@example.com
130,001-481-291-0386x0827,richardmendoza@example.org
131,421.209.4568x071,weeksjoseph@example.org
132,(711)620-4468x7645,nmckay@example.net
133,+1-629-453-8228x87519,manderson@example.net
134,001-834-346-3812x812,brandy18@example.com
135,+1-414-327-1559x737,marymcclure@example.com
136,(577)778-2572x54449,emilychapman@example.org
137,847-698-8166x40209,margaret86@example.org
138,001-305-567-4925x5194,chase95@example.org
139,2074123751,smithdylan@example.net
140,(613)980-8384x339,lwood@example.org
141,5463646802,zvelasquez@example.net
142,001-589-967-8728x058,boylekurt@example.com
143,817-993-2409x455,joshuaellis@example.com
144,001-634-392-5070x27937,parkercarol@example.org
145,764.386.8952x05973,abigail04@example.org
146,208-333-9149x81525,whitney20@example.org
147,001-452-425-1953,xjames@example.org
148,001-813-728-3994x250,mrose@example.org
149,697-597-1046x820,seanpowell@example.com
150,257.373.7243x995,cooperangela@example.com
151,(203)473-5988,robertsmith@example.com
152,(990)875-5302,julianbennett@example.net
153,599.423.8685x331,deanna14@example.com
154,955-864-3884,debbieanthony@example.com
155,732-465-1902x50968,christopher74@example.com
156,3679568530,charlesanderson@example.net
157,429-622-5340,johnbradley@example.com
158,(386)287-2557,samuelclark@example.com
159,997-549-3874x5727,farrelljeffrey@example.net
160,772-973-0618,martinezgabrielle@example.com
161,+1-482-944-0351x13091,zritter@example.net
162,(746)916-7227x631,frances27@example.net
163,+1-488-561-7181x037,tmoore@example.net
164,280.537.7019,wfrederick@example.org
165,729.501.4423x324,silvastephanie@example.org
166,749.289.2250x757,mstevens@example.net
167,864.576.8973x3650,xthomas@example.net
168,8262610604,wmontes@example.com
169,(605)827-8051,jessicajohns@example.com
170,(358)703-2730x8718,zrobbins@example.org
171,243.339.0828,ubaker@example.org
172,215.979.3658x7847,amberowens@example.net
173,274.411.1366x8862,esanchez@example.org
174,(339)964-6321x028,lbrown@example.org
175,358-874-0777x532,kellycook@example.net
176,001-376-264-7497,scruz@example.com
177,9904690632,ronald64@example.org
178,926.827.4484x647,amiller@example.com
179,(891)558-7538,martinezheather@example.org
180,288.538.7330x51311,mortonglen@example.com
181,806-786-2661x00208,chandlermatthew@example.org
182,+1-606-464-0554x60060,arivera@example.net
183,001-825-985-4369x033,pachecolance@example.net
184,330-253-1277,christopherellis@example.org
185,+1-953-257-7788x239,lopezcharles@example.org
186,+1-379-922-7092,fharris@example.org
187,8448740287,pross@example.net
188,+1-510-687-7435x04211,gstephens@example.com
189,+1-543-577-9047,stephensonjustin@example.com
190,864-587-0222x7396,cohenkyle@example.net
191,001-851-413-1057x044,qyates@example.net
192,439-914-2284x6897,phillipsapril@example.com
193,(820)783-2920x491,ucarey@example.org
194,+1-806-419-8452x453,crystal91@example.net
195,795-829-4759,allenmonica@example.org
196,001-599-464-9945x34599,millertimothy@example.org
197,255.353.0188x80065,jennifer65@example.org
198,895.240.5583,aobrien@example.net
199,(920)279-7333x8616,vanessa60@example.com
200,(598)939-0773x0277,edwardstevens@example.net
201,281-724-4316,lindsey64@example.net
202,998-212-2906x262,moralesdavid@example.net
203,(236)357-6295x1792,pnorman@example.com
204,618.773.6383x6827,mccarthyrichard@example.org
205,001-889-332-1050x0488,torresandrea@example.net
206,+1-307-886-7521x2653,tylermark@example.org
207,791.341.0434,sarah82@example.net
208,9122582155,melanie56@example.org
209,+1-887-603-4971x24699,sonialeblanc@example.org
210,473-229-8053,coreyhawkins@example.org
211,867-374-4951x365,amber60@example.com
212,+1-781-801-6654x9533,maycraig@example.net
213,001-676-642-5970x9330,campbelldonna@example.org
214,696.857.9177x549,winterskevin@example.org
215,(524)888-5931x2316,joycewong@example.net
216,990.386.0024x860,keith97@example.org
217,673-655-0911,michaelwilson@example.com
218,630.892.7980x9791,joannagibbs@example.net
219,463.595.4394x4436,meghanmorris@example.org
220,501.709.7566,grant26@example.net
221,488-614-4572,davishunter@example.com
222,(922)252-8105,snichols@example.com
223,8758521925,keith90@example.com
224,5362224029,jonessherri@example.org
225,001-416-247-5235x31904,pstevenson@example.org
226,551-903-5034x8504,sean27@example.org
227,858.566.5503x5959,matthew93@example.org
228,(403)263-3754,jgomez@example.com
229,273-767-5127x63063,jason22@example.org
230,849-551-0061x92069,johnsonmichelle@example.net
231,(796)457-1210x877,vperkins@example.org
232,(618)971-9509,angela56@example.net
233,(743)938-9768,alyssa21@example.org
234,550.645.0581x649,kyle71@example.org
235,(854)693-9012x371,haileyyork@example.org
236,(671)986-0907x5378,wburton@example.net
237,(480)657-4364x28155,kevinfranco@example.com
238,854-909-3159,sharonayala@example.com
239,978-623-6961x46000,christopher44@example.org
240,(611)430-5027x482,perezcathy@example.com
241,001-538-275-3976x63805,andreamoody@example.org
242,885.339.5320x172,bradleywillie@example.org
243,(855)873-7032x345,arnoldmichael@example.org
244,992.365.1315x8167,jenniferharris@example.net
245,677.959.7166x7547,beardjulie@example.net
246,+1-370-903-5654x67826,kimberly51@example.org
247,893.985.7011,brittanyflores@example.net
248,001-501-691-7071x36086,sanderson@example.net
249,368.381.8782,jason40@example.org
250,497-465-5709,kevin28@example.org
251,001-579-366-1918x484,gsnyder@example.org
252,001-578-396-4135x438,nicholas24@example.com
253,328.696.5683x3909,john04@example.com
254,825-795-5088x4622,jlove@example.com
255,972-528-2855x3849,fbond@example.net
256,(455)556-7042,martinezmary@example.org
257,+1-326-904-1051x9380,dberger@example.net
258,524-571-0009,erica89@example.com
259,755-909-8203x502,meganmorales@example.org
260,(924)529-2110x2755,pball@example.net
261,433.264.2982x9688,cookbrandon@example.net
262,903-459-5746x9050,russell86@example.net
263,+1-396-759-1511x214,cindy35@example.com
264,477.908.8938x063,herrerazachary@example.com
265,904-986-5154x5955,williamsjulie@example.net
266,588-707-2661x47014,ddavis@example.com
267,001-272-986-2184x2163,hammondjeffrey@example.net
268,(487)497-7977,ewilkins@example.org
269,514.707.2386,conradclaire@example.net
270,458.827.3637x989,debra77@example.net
271,(281)437-7205x0853,amanda26@example.net
272,(959)853-4379x31024,michaelcannon@example.com
273,+1-348-363-0487x3740,johnsondouglas@example.com
274,001-201-638-9854x1237,watersheather@example.com
275,(224)475-6835,baldwinrichard@example.com
276,563.473.4028,sherry61@example.com
277,+1-769-405-9152x13793,stevenyoung@example.org
278,+1-753-596-3220x0129,stacie02@example.net
279,+1-342-270-7390x8749,rodriguezwilliam@example.com
280,200.661.4184,nelsonjustin@example.net
281,3893973705,annagarcia@example.net
282,(675)768-2206x609,jeffrey85@example.net
283,(359)288-0212,lmorrison@example.net
284,001-967-211-3296,romerotyler@example.org
285,(631)959-5815x685,amurphy@example.net
286,599.332.4748x43854,pcruz@example.net
287,961-861-2306,raymond92@example.com
288,+1-790-841-1942x70206,moralesbradley@example.org
289,(220)736-2244,michael19@example.org
290,(666)673-3512,joneskelly@example.net
291,236.426.3988x78079,mariah09@example.net
292,480.585.4013x4230,joneseric@example.org
293,+1-359-616-1963x070,cmcguire@example.org
294,435-502-3092x62821,cynthiabrown@example.com
295,974.864.8155,youngbrenda@example.org
296,001-577-208-4889x85562,jrobinson@example.org
297,001-952-799-7705,davisemily@example.net
298,580-326-4134,shepherdsusan@example.net
299,+1-585-271-2493x339,melindaferguson@example.net
300,001-776-468-4229,amyreed@example.net
301,001-397-951-0574,marybean@example.org
302,+1-304-674-7339,paulsmith@example.com
303,398.267.3184,ramosjoseph@example.com
304,+1-918-955-5374x54503,emmamoreno@example.com
305,(293)604-3417,rogermiller@example.com
306,(522)923-3792x149,nbowman@example.org
307,260.606.5730,costamelissa@example.net
308,902.242.1419x331,jessica21@example.com
309,(735)510-3849x1732,agarner@example.org
310,+1-493-978-6366,douglasavila@example.net
311,958.824.8048,torresmarcus@example.net
312,348.561.6058x266,mjohnson@example.com
313,001-866-642-4888x43510,josephwatkins@example.net
314,511.287.3430x62971,george52@example.net
315,573.875.2804x9661,slambert@example.net
316,9687572415,hsolis@example.org
317,462.971.6080x335,tranmark@example.org
318,+1-724-713-3562x4894,angie52@example.net
319,(829)465-5806,stuart62@example.com
320,001-635-338-3837x97028,carolwillis@example.net
321,001-590-759-0407x658,uluna@example.com
322,763-784-5738,hornmatthew@example.net
323,5267805620,timothyoneill@example.com
324,4865649873,tonyaclark@example.com
325,521-954-4989,michelleadams@example.com
326,(647)677-2825,gileselizabeth@example.com
327,451.354.3248x9894,tammy32@example.com
328,+1-236-239-5122x0248,allenthomas@example.net
329,+1-806-998-1483,xking@example.net
330,413-718-0094x532,apatterson@example.org
331,4696470521,ballen@example.com
332,+1-818-851-5413x140,ngonzales@example.net
333,001-202-941-4148x906,colemansusan@example.net
334,832-991-0340x589,bethwilson@example.com
335,425-432-7331x9774,psmith@example.org
336,5905447648,latoyataylor@example.org
337,+1-608-954-6153,wwheeler@example.net
338,001-224-242-4213,sherri46@example.net
339,207.756.8597,michellemartinez@example.org
340,823.648.9645x78225,lyang@example.net
341,001-712-660-6829x5410,matthewlara@example.org
342,372-350-3320x409,jacobmorton@example.net
343,+1-383-529-4743x134,dmcdaniel@example.org
344,+1-295-970-1354x491,ucarter@example.net
345,335.352.1248x124,pdavis@example.net
346,(821)434-2793x527,kevinhoffman@example.com
347,3682969221,marilyn92@example.org
348,(453)326-0264,ortizkyle@example.org
349,001-288-416-6635x779,jacobwiggins@example.net
350,001-379-957-5365,danielle43@example.com
351,(238)961-4105,michael51@example.org
352,(669)469-0282,lauraward@example.org
353,376.633.4463x6524,joshuasmith@example.com
354,429.522.6096,cwashington@example.net
355,(367)611-7951x74190,spencertina@example.org
356,001-372-366-8987x10826,jason39@example.com
357,565.364.0029x5022,wrightlaura@example.net
358,001-209-295-2523x9476,jilljones@example.org
359,+1-488-363-1916x96156,qsavage@example.net
360,832-568-1962,waynemahoney@example.org
361,+1-856-836-3141,crystal23@example.org
362,+1-299-397-8796x809,patrickjohnston@example.net
363,698-794-6015x1149,rhonda48@example.net
364,(906)900-0262,wbrown@example.com
365,268-531-9812x484,ashleyzamora@example.net
366,4224931131,elizabeth73@example.net
367,(816)548-4156,rpark@example.org
368,422.289.3323,mayswilliam@example.org
369,888.624.3958,olsenashley@example.net
370,814-239-6989x20497,jpage@example.org
371,704.960.9103x68815,jennaunderwood@example.org
372,289-349-6181,erika10@example.com
373,867-833-5604x739,perrydonald@example.com
374,+1-671-205-0580,xhaney@example.net
375,4705957508,herringryan@example.com
376,+1-224-256-2441x46363,marc82@example.com
377,494-419-0757x4608,goodwinpamela@example.net
378,960-260-8684x701,amanda36@example.org
379,361-223-1501x79718,lawsongary@example.com
380,+1-644-679-6056,meaganwallace@example.net
381,001-332-618-3234x2422,ugregory@example.org
382,941-714-2997x4205,ncampbell@example.com
383,963.902.9401,emily01@example.org
384,+1-224-930-9667x44769,kimberly56@example.com
385,+1-767-811-8828x366,alexisgarcia@example.org
386,374.859.4509x80536,jennifer98@example.net
387,(510)613-5610x24918,beardcolleen@example.net
388,+1-598-744-1443x73013,georgeharrison@example.net
389,7993125658,ariel63@example.com
390,+1-203-401-7798x389,andrea25@example.com
391,576-229-4867,hallgeorge@example.net
392,(995)260-6952x46161,elliottcrystal@example.net
393,415.733.0833x0590,ariaskatherine@example.org
394,+1-862-249-1648,qjackson@example.org
395,(348)928-7893x556,gregoryandrea@example.org
396,001-395-966-4864,ddiaz@example.net
397,246.497.8088,mitchellgibson@example.net
398,+1-547-556-7236x84271,krista93@example.org
399,2064954143,mccannsavannah@example.net
400,374.491.1683,kylie05@example.com
401,(817)282-8491x1914,zsanchez@example.net
402,001-467-612-0672x42446,olivia75@example.com
403,869-476-4049,halllynn@example.org
404,(359)897-0580x8877,ortizkayla@example.net
405,(344)456-8356x1354,jimmymartinez@example.net
406,+1-796-546-7498x063,davidhensley@example.com
407,619.848.6974x093,cray@example.org
408,739.555.1880,caroljenkins@example.net
409,682-872-7155x24450,marialewis@example.com
410,(827)945-1551,xrogers@example.org
411,001-986-261-0743x0484,megan99@example.com
412,634-877-0744,tammy42@example.org
413,905.369.1293x988,grayjonathan@example.com
414,+1-275-465-2002,bjohnson@example.com
415,001-691-754-3381x16394,griffithjulie@example.net
416,(757)338-8891x6777,patriciayang@example.com
417,244-513-7417x17832,csullivan@example.com
418,785.460.9824x014,nmiller@example.com
419,+1-505-650-7442,dawnfritz@example.org
420,633.769.5908x11672,brooke91@example.com
421,242-253-6762,susanbyrd@example.org
422,001-965-251-1763x1439,chadcaldwell@example.org
423,213.799.7303x99547,yrose@example.net
424,(861)206-2118,christianhernandez@example.com
425,913.353.2411x348,myersmark@example.org
426,+1-210-522-4230x3938,moodyrobert@example.org
427,+1-525-792-6624,william34@example.net
428,900-586-7614,meyerchristopher@example.com
429,+1-420-590-8935,laurie22@example.org
430,710-839-9521x09017,jaguilar@example.org
431,8899878365,odavila@example.com
432,911-946-2935,wruiz@example.com
433,(656)996-6133x6029,michael63@example.net
434,001-892-455-7401x7321,mooreseth@example.net
435,252.663.6179x494,awilson@example.com
436,001-701-991-5543x97626,christophergoodman@example.com
437,516.773.7128,marksricardo@example.net
438,001-971-587-8417,williamsamanda@example.com
439,(696)821-3173,stacy86@example.net
440,+1-630-532-1756x86573,cameronalvarez@example.net
441,+1-874-875-1067x51232,brianwhite@example.org
442,(611)270-9155x948,forbesrobert@example.org
443,9244208637,walterclark@example.com
444,464.376.7717x84283,yjohnson@example.net
445,001-861-218-9512x29603,matthew84@example.org
446,222-705-3698x441,morrisonapril@example.net
447,4276516710,santiagojason@example.net
448,523.538.9336x936,kwright@example.com
449,306-555-2887,cpeterson@example.net
450,912.571.2738,smithalexandria@example.org
451,318-740-6332,fjackson@example.com
452,+1-742-585-1720,davenportchristine@example.org
453,420.825.5464,lisa64@example.net
454,7655651987,pkennedy@example.com
455,251-737-5422x54766,salinaspaula@example.com
456,+1-575-627-3076,jacobfreeman@example.net
457,515-436-4119x98600,olivia94@example.org
458,2617009314,lwelch@example.net
459,001-953-409-1243,nfoster@example.com
460,+1-244-666-3431,destiny52@example.org
461,001-435-857-5443,meghancooke@example.org
462,(440)685-5119,pwilson@example.com
463,5493259998,justin37@example.com
464,+1-551-963-8846,jasmine41@example.org
465,001-559-651-7726,singletonchristine@example.com
466,001-731-395-5632x7442,lbean@example.com
467,001-531-921-9922x07923,meganmunoz@example.org
468,711-995-1194,michaelsmith@example.org
469,001-651-567-9572,meganmoreno@example.com
470,001-717-224-7229x198,gsullivan@example.com
471,670-533-5822,samuel61@example.com
472,808-259-6484,peggyleon@example.net
473,001-936-573-1677x3723,rrice@example.org
474,2814226021,christopher69@example.net
475,3304532899,shawn04@example.org
476,(628)613-2357,davisrachel@example.net
477,202-341-7929,ajones@example.com
478,001-499-809-7251,angelarichard@example.org
479,(935)941-9546,dylan32@example.org
480,(817)845-1614x7404,carolynmolina@example.org
481,854.465.2449x4548,gsantiago@example.net
482,969-477-1488,christopher74@example.org
483,713.695.6807x7978,schultzgregory@example.com
484,511.391.6356x1497,jacksonbrian@example.net
485,+1-259-658-5702,shart@example.org
486,001-383-238-6843x785,brianharrison@example.com
487,576-427-9926x3506,yjohnson@example.net
488,490.277.5391,wendy14@example.net
489,+1-564-761-9409x3585,bwiggins@example.org
490,377-398-1188x11755,dustin37@example.net
491,983.970.7573,bpacheco@example.com
492,(336)332-9203x36130,benjamin23@example.org
493,001-647-606-2558x28323,bairdmitchell@example.com
494,2405243746,prussell@example.org
495,+1-289-243-4925x80864,craig67@example.com
496,001-943-461-9276x539,codyburke@example.net
497,001-497-363-4869x75740,davidjordan@example.net
498,+1-598-972-6693,imyers@example.com
499,6868181698,morrisonmindy@example.net
500,+1-237-677-8305x3378,alexandra47@example.net
501,754-648-2192x0774,bennettcheryl@example.com
502,(366)471-3049x43460,troyallen@example.org
503,233.592.2291,bernard43@example.net
504,+1-445-672-0764x196,mary41@example.net
505,+1-770-219-5363x8805,harrisontiffany@example.net
506,323-281-2917x02133,reneestafford@example.net
507,589-396-0786x4433,taylortaylor@example.com
508,+1-314-922-8262x53286,pking@example.com
509,001-327-965-6697x70762,colin86@example.net
510,878.575.5763x18354,jackiearmstrong@example.org
511,732-732-4050x38883,richardbrenda@example.org
512,+1-734-851-5940x709,stephaniediaz@example.org
513,(200)567-8659,kwheeler@example.com
514,001-543-511-9620x636,gabriel20@example.net
515,9179308848,ustevens@example.net
516,754.948.3194x5821,evansjohn@example.org
517,001-261-225-1768x7026,eric27@example.com
518,+1-958-849-6885x7290,andersonjames@example.net
519,506-218-2190x34599,snyderjoseph@example.com
520,638.920.2870,owencrystal@example.net
521,813-903-1219x352,qmcclain@example.org
522,(636)896-4219x43074,david20@example.net
523,837-946-0716,jessica22@example.org
524,001-843-231-6731x758,fwilliams@example.net
525,606.446.0318x810,melissavasquez@example.org
526,797.413.8164x49496,ghernandez@example.com
527,617.202.9761x26316,david56@example.net
528,+1-913-686-6463,geraldmorse@example.org
529,260.966.9102x468,johnfrancis@example.net
530,+1-630-725-8850x2948,todd47@example.org
531,947-697-9556,susan15@example.com
532,628-622-3754,smithcristina@example.org
533,(449)833-6881x9189,navarroelaine@example.org
534,846.794.0330,jamie98@example.org
535,446-623-2159x9675,drowe@example.net
536,(633)744-9984,fishercorey@example.com
537,526.352.6355x272,fnolan@example.com
538,(842)703-3376,nicholassanchez@example.com
539,511.419.4616,michael62@example.com
540,445-628-7965x6481,boothrichard@example.com
541,+1-615-675-8898x7082,vcunningham@example.org
542,001-669-655-4475x1847,thomas10@example.net
543,001-899-988-9801x160,monica59@example.org
544,+1-278-857-3681x4193,hmorales@example.com
545,994-621-8350x95531,seth96@example.com
546,(356)872-4552x51750,julia10@example.net
547,+1-617-559-9612x02396,smendoza@example.com
548,434-952-3786x381,krausemegan@example.net
549,745.652.0295x69314,katiemaddox@example.net
550,+1-700-377-8317x20475,philliptorres@example.com
551,505-626-9611,gwoods@example.org
552,439-403-0532x0711,gkennedy@example.net
553,404-665-5699,erinbrooks@example.com
554,001-338-657-9908x9340,michelle15@example.com
555,(930)452-6419x52050,richardsonsamantha@example.net
556,860-273-9888,daniellopez@example.org
557,(329)852-4866,lewisshelly@example.net
558,+1-754-831-8948x0124,carrmelanie@example.com
559,7167673639,vfreeman@example.org
560,(571)758-2840,kathy51@example.com
561,(848)325-8860,wayne81@example.com
562,001-466-311-7472x1728,ohernandez@example.com
563,001-684-232-9480x330,dianayoung@example.net
564,6247812402,eruiz@example.org
565,232-534-4709,iwood@example.com
566,+1-928-371-3886,aaronfletcher@example.net
567,(606)870-2795x7635,whitecarolyn@example.com
568,787.725.1939,holtsandy@example.org
569,4123286223,floydsarah@example.net
570,432-204-1720,christina76@example.org
571,+1-736-392-6645x13377,roachrebecca@example.net
572,001-858-840-3753,richardbryan@example.net
573,6587673866,lmeyer@example.com
574,9247925548,paigeschmidt@example.org
575,690-206-8154x6765,markjenkins@example.net
576,770.462.9346x360,james98@example.com
577,8048327871,kevinblack@example.org
578,846.482.2573,oneillsuzanne@example.com
579,893.882.2996,ybowen@example.org
580,8485556014,mccluredevin@example.net
581,(657)200-1821,zjohnston@example.net
582,900-629-5040x73082,melanieodonnell@example.com
583,877.848.6492,ucook@example.net
584,(607)646-4339,qgreene@example.com
585,(490)448-5474x413,brownjoshua@example.net
586,(824)868-4652,edwardsjoseph@example.com
587,528.878.9749,zmiller@example.org
588,001-744-581-9908x050,bakerroger@example.com
589,(607)393-1441x281,qrobertson@example.com
590,488.304.3292x750,gibsonanna@example.org
591,621.376.0452,timothynolan@example.net
592,(259)911-6506,shane37@example.com
593,(726)271-7911x821,dominiquerichards@example.org
594,(669)236-1548,santanastephanie@example.com
595,473.617.0387x157,smithkatherine@example.org
596,001-222-601-4160,bhendricks@example.org
597,001-759-311-4585,ericjohnson@example.org
598,001-852-208-4291,oshah@example.net
599,590-547-2135,jacqueline34@example.org
600,816.280.8299,aprilrobertson@example.net
601,+1-919-544-9631x0093,lallen@example.org
602,530.805.3083x956,kyliemay@example.org
603,(953)238-6526x48121,lindsaycaldwell@example.org
604,+1-359-999-5572,kara71@example.org
605,684.424.4736,shelly73@example.com
606,206-351-0293x78965,jennifer59@example.net
607,948-622-0332x812,holtroger@example.net
608,001-487-451-8028,sullivancharles@example.com
609,001-642-635-7101,andreaconley@example.org
610,785-834-9849x1391,joshua08@example.net
611,(341)836-6506x74346,floreschristopher@example.org
612,9188638384,jessica12@example.org
613,227-403-3616,wilsonanthony@example.com
614,9853039391,awillis@example.org
615,294-718-9616,eblack@example.org
616,748-645-0640x8896,burnsscott@example.org
617,797-807-1098x1291,harveyjenna@example.com
618,001-996-611-7070,dtorres@example.org
619,(520)973-8087,rflores@example.org
620,001-366-216-8490x61708,lunanicole@example.com
621,372-314-5301x1550,ramirezmadison@example.org
622,458.604.7488,harrisjohnny@example.net
623,562-802-6704x959,martinezdanielle@example.org
624,+1-297-676-6332,gerald95@example.net
625,954.225.0427x4277,torreschristopher@example.net
626,875-755-5697x496,tammymoreno@example.org
627,+1-882-953-2975x1319,tchen@example.org
628,614.531.8055x2564,jordan21@example.net
629,204-388-8257x6428,rose90@example.org
630,805.553.5290x64013,francojoshua@example.net
631,514-227-5355x7330,davejordan@example.org
632,673-507-4870,crystal57@example.org
633,(753)561-1986x5697,watkinsmarcus@example.com
634,001-829-748-8417x48522,ewingheidi@example.org
635,801.723.4797x697,christina40@example.net
636,263-427-5137x55329,along@example.com
637,944-977-3033x84201,beth65@example.org
638,628-403-1775x925,ashley89@example.net
639,+1-697-800-1327x93816,millermichelle@example.net
640,001-280-301-6572x018,gjohnson@example.net
641,232-934-9987x78127,bakerjeffrey@example.com
642,001-736-216-1183x9266,felicia03@example.com
643,389-423-6722x419,joseph76@example.com
644,2763141222,johnsonanna@example.com
645,+1-998-472-7738x259,martinezamanda@example.org
646,+1-392-835-0127,dholmes@example.com
647,375-377-3005,watkinsmichael@example.net
648,251.319.4957x141,lozanosarah@example.net
649,482.257.8772x66963,dawsonkimberly@example.org
650,591-959-8797x591,kaitlynchapman@example.net
651,(452)532-7999x764,youngjill@example.com
652,+1-918-684-5783x0730,poolezachary@example.com
653,(800)925-8868x665,jbarker@example.com
654,557.409.1399x228,hollybowman@example.com
655,+1-305-946-4220x41674,pamelaperez@example.org
656,+1-888-552-9890x66451,mercadofrederick@example.org
657,+1-376-954-4305x1177,ryan10@example.org
658,(463)505-1288,jeffrey87@example.org
659,+1-343-944-0289x11968,daniel32@example.org
660,647.374.7491x4433,nelsonstacy@example.net
661,001-652-862-1935x821,bruce51@example.org
662,+1-789-601-7175x20687,lopezbrandy@example.net
663,(263)794-7682x50927,michael68@example.org
664,+1-243-977-8080x171,laurenwallace@example.net
665,9587420265,alyssameyer@example.org
666,(908)543-7493x1619,sethandrews@example.net
667,+1-752-559-5001,alejandro47@example.net
668,374-461-9754,nparsons@example.net
669,645-753-3891x1143,joseph73@example.net
670,8966170625,james04@example.com
671,(982)272-1777,olin@example.net
672,849-628-3185x80126,kmorrow@example.com
673,541-880-0489x43553,schroedereric@example.com
674,+1-698-870-2161,fshields@example.net
675,(629)957-1818x5598,bpaul@example.net
676,862-821-2736x12668,oellison@example.net
677,+1-610-950-4520x26769,hgutierrez@example.net
678,251-376-0078x512,hwright@example.net
679,001-305-959-0765,fmontgomery@example.com
680,001-864-368-3844,knichols@example.net
681,001-723-216-6402,jasongonzalez@example.net
682,491-644-8041,samanthayoung@example.net
683,405.923.0658x49524,maureenroberts@example.net
684,+1-493-862-0236x4040,jbailey@example.org
685,7286755523,bcox@example.org
686,001-575-365-2024x504,bpeterson@example.org
687,001-519-486-8087x52738,oliviajohnson@example.com
688,(531)594-0732x96699,bethany19@example.org
689,3636785889,danny79@example.net
690,6294012598,gentrymark@example.net
691,+1-724-651-8956x9996,damon19@example.net
692,+1-953-249-4846,juankelley@example.org
693,674-502-2227x87196,lcameron@example.com
694,398-428-6861x317,jennifer86@example.com
695,001-671-778-2442,oneilltammy@example.org
696,9263170106,melissa74@example.net
697,2256965915,reedkathleen@example.com
698,(246)832-9189,shane32@example.org
699,(455)314-7483x3178,adrian54@example.net
700,(917)678-4368x83005,greenmaria@example.com
701,987.221.8738,david95@example.net
702,001-269-585-1706x98443,ryan82@example.org
703,619.996.1041x2312,ablack@example.org
704,618-814-1910,rlevy@example.org
705,348-593-3630x70020,joelrubio@example.net
706,5807144110,wademichael@example.net
707,001-266-670-7161x217,jamesgarcia@example.net
708,+1-352-253-8143x5713,jjenkins@example.org
709,(960)597-7555x1225,mendeztiffany@example.net
710,895.783.7304,qthompson@example.org
711,4084168237,hansendouglas@example.org
712,354.268.8726,iperry@example.com
713,001-656-939-8718x8186,matthew35@example.com
714,(362)335-6726,flutz@example.com
715,893-247-4760,annakelly@example.org
716,565-849-5759x35242,greenchristopher@example.org
717,(341)746-6892x94566,cynthiabailey@example.org
718,2096078827,tina24@example.org
719,298.806.6658x6757,kingbrittany@example.com
720,001-845-365-0518x00976,lisathornton@example.org
721,001-359-633-0230x913,tinapierce@example.com
722,8878482920,evansjuan@example.net
723,346-855-1390x8678,gaustin@example.net
724,(983)493-7776x24423,xwheeler@example.net
725,+1-265-300-5779x91556,eboone@example.com
726,671.719.4160x93687,james58@example.org
727,+1-912-262-1688x18442,thomasdavis@example.net
728,873-327-8889x1524,christopherreyes@example.net
729,(651)406-9075x46264,davidjenkins@example.com
730,654.820.4033x428,kelleranthony@example.com
731,(710)820-3540,nancyhess@example.com
732,(757)900-6920x54037,morganalicia@example.com
733,(633)917-5832x95889,zfernandez@example.net
734,684.562.7493x979,astewart@example.net
735,001-267-811-2903x45338,stephenaustin@example.org
736,(527)461-9895,paulamcdonald@example.com
737,001-449-956-3888x57785,tanya67@example.net
738,861.371.9243x0194,ngonzalez@example.org
739,(543)667-5333x167,jramirez@example.org
740,4664225188,brendamcdonald@example.org
741,540-864-4258x35570,randallabigail@example.com
742,001-860-643-1662,fguzman@example.org
743,001-933-455-1572x757,qmorton@example.net
744,(700)501-8794x7899,alicia91@example.com
745,767-836-2941,tanya88@example.net
746,6867105437,sophiaking@example.com
747,5073753314,edwardscheryl@example.com
748,804-552-4774x194,michael47@example.net
749,729.397.2782x6258,nicole12@example.org
750,(715)472-8441x66035,williamsjoseph@example.org
751,288.249.5447x2866,angelaphillips@example.net
752,(779)603-5123,michael51@example.org
753,748-516-6808x204,pjordan@example.com
754,+1-510-301-8392x1346,barnettmark@example.com
755,599.601.9389,caldwellrickey@example.com
756,974.735.4241x1367,srobinson@example.org
757,(556)580-3722,stonevincent@example.net
758,(824)620-2859x27038,sarah11@example.org
759,817-887-7697,russellmark@example.net
760,808-969-9944x90568,angela07@example.com
761,(541)439-2025,yrodriguez@example.org
762,+1-700-224-6832,jonathanburke@example.org
763,+1-387-223-4894x94177,qtorres@example.net
764,001-326-863-0476,nguyenbrenda@example.com
765,5566668473,smithtiffany@example.com
766,(986)593-9644x59873,shannon92@example.com
767,001-919-715-8388x6105,eric28@example.net
768,292-569-4670,ashley91@example.net
769,001-878-696-3250x96407,sullivansue@example.com
770,896.603.0518,melissa65@example.net
771,721.875.2205,yblair@example.org
772,748-262-4485,alexanderbrown@example.org
773,764-812-6317x0324,williamsanthony@example.net
774,450-699-6840,robin48@example.com
775,+1-534-575-8910x434,brogers@example.com
776,314.668.7300x2098,stevenmorris@example.com
777,+1-324-479-3898,joyrodriguez@example.org
778,(406)862-4644x490,cherylanderson@example.org
779,+1-916-412-6885x8563,fburke@example.org
780,+1-896-806-7619x22054,guzmankayla@example.com
781,598-795-1606,johnsonjesus@example.org
782,+1-871-312-3623x8421,ufischer@example.net
783,+1-873-452-4099x60284,stephensimmons@example.org
784,357-300-1990,jessicaweber@example.org
785,(248)666-6424x074,robinsonbrian@example.com
786,(831)811-1034x536,carrashley@example.org
787,001-706-438-4254x0468,serranokenneth@example.com
788,367.254.8580x8608,spencerjohn@example.net
789,001-613-889-7772,paynekayla@example.com
790,001-337-460-6271x966,omejia@example.org
791,333.458.2331,alisonsmith@example.org
792,(773)284-4494x6062,jenniferbrown@example.net
793,(411)247-8421x915,ronaldchambers@example.com
794,001-369-693-7542x2828,dunnrobert@example.org
795,262.823.7634x617,gilesrichard@example.com
796,(841)657-9305,scott60@example.org
797,(771)366-7084x99467,llozano@example.org
798,358.911.6714,joshualawrence@example.com
799,(489)772-9456x73784,jenniferhall@example.org
800,(925)486-7497x5018,waynejohnson@example.net
801,660-302-7915,robinsonamanda@example.net
802,(698)623-0400x762,edelacruz@example.org
803,+1-399-288-1282,danny77@example.net
804,+1-374-736-8135x776,amandadavis@example.org
805,940-922-9840x79204,richardchad@example.org
806,9695522589,thomas84@example.org
807,733-795-7793x263,tedwards@example.org
808,(205)247-9074,parkerdavid@example.org
809,001-433-732-7647x818,rogerrichardson@example.org
810,+1-536-990-5296,robert04@example.org
811,542.316.7920x25632,bakererica@example.com
812,001-363-383-7317x252,mmunoz@example.org
813,001-547-405-3259x093,elizabethmoore@example.com
814,(456)551-1235,hgarcia@example.org
815,910-519-1263,suzanne07@example.com
816,001-202-895-4394x3468,kimberlymeyer@example.net
817,834.337.9434,robin00@example.net
818,001-985-863-4368x68736,brookskeith@example.org
819,246.873.5167x59133,brooke93@example.org
820,424-329-3052x97405,ruthmorales@example.com
821,280.398.7873,mbrown@example.net
822,568.990.5650x171,landrygregg@example.net
823,507.201.9650x46516,amandablack@example.org
824,(407)259-4558x2968,harveyjasmine@example.org
825,702.307.6210x9411,erica74@example.net
826,001-247-833-5151x227,harriskristin@example.org
827,+1-579-663-6828x80641,fwarner@example.net
828,335-686-0177x2599,horndonna@example.org
829,001-548-487-6951,rbailey@example.com
830,+1-558-523-1655x2881,estradajose@example.net
831,001-377-880-0127x19888,miguelcline@example.com
832,697-867-6851,smithpeter@example.net
833,(683)533-1653x3277,nicholas60@example.org
834,+1-985-470-8445,qkelly@example.net
835,001-708-663-2635x7562,cwilson@example.net
836,998-991-3114x50555,caseygill@example.org
837,+1-943-633-9689x2738,crivera@example.net
838,(773)466-6173x90640,amanda04@example.org
839,284-467-8308x587,debbiecurtis@example.org
840,+1-965-394-6727x5784,taylorspencer@example.org
841,001-915-367-1745x2900,bjones@example.org
842,864.380.0940x989,xsmith@example.com
843,329.281.4442x0102,wrightsarah@example.org
844,(404)426-7851x63982,katherinereed@example.org
845,424.929.4891,qbooker@example.net
846,368.765.2233,heathermitchell@example.net
847,001-625-894-2612x347,shannon14@example.org
848,+1-863-619-2768x7941,eevans@example.com
849,511-710-5888,chelsea24@example.com
850,(792)874-3042x656,mathewhenderson@example.com
851,788-258-1253x478,matthewstanley@example.com
852,993-718-5785x8488,jimmy87@example.com
853,949.868.8885,sanchezrodney@example.com
854,001-588-858-7419x384,jamesbowers@example.net
855,(667)453-1207x991,iclayton@example.com
856,(680)974-1972x29631,michaelfriedman@example.net
857,+1-882-373-4887x52079,dominicrobinson@example.org
858,(266)453-9774,davidfoster@example.com
859,001-889-996-0309x231,theresa90@example.net
860,839.272.8569x1013,tjones@example.net
861,+1-630-661-3104,robinmcdowell@example.net
862,812.639.7844x4808,jasonlopez@example.org
863,001-949-678-0682x76822,davidhorn@example.net
864,461.392.6772x685,nscott@example.net
865,393-223-9434x000,tony77@example.org
866,(813)378-6577,alvaradoalex@example.net
867,+1-265-562-2807x94270,michael31@example.com
868,001-570-854-9172x1613,allenwilliam@example.net
869,(486)667-5868,charles88@example.org
870,(797)885-7659,snelson@example.net
871,584-653-6530x74567,zmcdonald@example.net
872,001-920-712-6641x723,irobinson@example.net
873,(922)840-9763x31054,hoganrussell@example.com
874,227.880.8209x774,jessicabarry@example.com
875,878.765.2941x04375,gallagherzachary@example.org
876,001-749-633-7802,bpacheco@example.com
877,001-611-859-9972x0688,fgomez@example.com
878,001-934-512-4608x7699,frank87@example.net
879,532.758.1799x94656,timothyallen@example.org
880,719.966.7922x419,ukelly@example.org
881,685.928.0162,linda68@example.com
882,233.404.0696,randallzachary@example.org
883,5922915110,wendy24@example.com
884,001-671-707-1661,davisandrew@example.org
885,235.411.6498x407,patty72@example.com
886,+1-508-416-9489x895,bethhernandez@example.net
887,(514)245-2409,jonescarl@example.org
888,473.801.1396,shawmichael@example.com
889,+1-230-322-4825,anabyrd@example.org
890,431.226.3426,matthew79@example.org
891,001-979-345-9406x64574,williamjohnson@example.net
892,(778)957-6830x4979,zbrowning@example.org
893,582-335-8875x479,bullockmichael@example.org
894,+1-979-796-1259x6555,angelahoover@example.net
895,927.537.3134x23137,daniellelynch@example.org
896,405-926-4661,melissajohnson@example.com
897,207-483-4353x6103,camposjoyce@example.org
898,727.870.4701,alexis23@example.net
899,001-290-948-0521x0764,ojackson@example.net
900,509.866.1531x6075,ubryant@example.net
901,+1-740-658-6462,qjames@example.org
902,985-631-6114x7195,rarnold@example.net
903,285-407-3701,maryhendricks@example.org
904,+1-924-767-0521,kelseyfitzgerald@example.net
905,236-952-4955x40042,grant34@example.com
906,920.821.3733x55052,jonespaul@example.net
907,001-428-611-6671x980,asanchez@example.org
908,001-667-281-6401x0127,maria70@example.com
909,682-333-1149x5632,marthakhan@example.org
910,316.691.1014x463,timothy44@example.org
911,379.459.2998x36950,james46@example.org
912,247-518-7841x85975,nancyrivera@example.net
913,+1-969-731-8640x974,horneaudrey@example.net
914,973.284.2100,christopher53@example.net
915,924.828.2179,ramirezeric@example.com
916,878.589.3480x57700,swolf@example.org
917,367-276-6976x681,williamsmarie@example.com
918,9506797188,gregory99@example.net
919,286-996-0781,deborah51@example.org
920,001-534-930-1244x473,stephanie41@example.org
921,2356164659,robertsangela@example.com
922,3509940487,adickerson@example.net
923,(404)915-0235x89492,kyle75@example.com
924,614-664-7109,fmiller@example.com
925,001-250-939-8040x4997,crystal24@example.net
926,(579)495-7251,qpope@example.net
927,660.382.3141x117,yvette01@example.net
928,(746)562-2355x6286,brandon05@example.com
929,339-314-3522x7371,josephlogan@example.net
930,348-794-6752x22936,samanthacarrillo@example.com
931,001-734-442-7250,sean26@example.org
932,001-761-546-1373,jesseedwards@example.org
933,567-523-2387,xsmith@example.org
934,500.610.5619x018,stevethomas@example.net
935,304-328-1160x634,qjones@example.org
936,+1-877-814-1068x0460,penamichael@example.com
937,370.735.0627,obrienkenneth@example.org
938,001-933-702-0399x22451,madelinesmith@example.org
939,(490)358-7736,jsmith@example.com
940,453.210.7766x487,sburke@example.net
941,001-340-649-6339x62737,bpaul@example.net
942,(498)720-1839x473,dustin73@example.com
943,794.505.6233x695,devinsmith@example.com
944,368.368.0853x8295,umcmahon@example.net
945,326-445-3885x420,wlivingston@example.net
946,948.284.2699,amy13@example.org
947,951-690-1654,heatherwood@example.net
948,529-549-8401x391,roachdavid@example.org
949,7942385906,darmstrong@example.com
950,202.294.7856x479,susan50@example.com
951,623.504.7612,hansonashlee@example.com
952,768.887.2875x9176,yreynolds@example.net
953,962.820.6540x56955,wadams@example.com
954,+1-605-820-3278x818,troyschneider@example.com
955,+1-318-471-8769,milesjoseph@example.com
956,001-284-995-7624x107,sotoamy@example.net
957,7695031882,jenniferoliver@example.org
958,766.862.0517,thomas77@example.com
959,(995)719-8952,emily95@example.com
960,(236)648-8031x9228,jimmy80@example.com
961,+1-547-339-6735x37257,michael20@example.com
962,451-302-0014x640,nicolehess@example.com
963,001-835-620-5222x40821,erin61@example.com
964,(889)829-6163,blakemcdowell@example.com
965,(649)220-3373,mcintoshkristie@example.org
966,2042702429,danieljoseph@example.net
967,5673735741,oliverkimberly@example.com
968,837-655-7418,jmitchell@example.net
969,001-649-785-6877,twheeler@example.org
970,468-893-6090,thomaswilson@example.com
971,+1-940-876-0876,thomasdiaz@example.net
972,311.725.4174x0158,brendan70@example.com
973,416-276-7363,williamskathryn@example.com
974,+1-340-953-7328,bryan08@example.net
975,702.661.0096,uthompson@example.com
976,+1-249-276-3056,natalie15@example.org
977,001-497-799-7202x53093,erika25@example.net
978,001-267-429-7187x9240,browndonald@example.com
979,802-583-6375x4112,victoria04@example.net
980,001-723-938-5268,patricksmith@example.com
981,212.698.6056x4641,gomezerica@example.org
982,826.556.6976x9388,burnsamy@example.com
983,(418)577-9006x481,nina35@example.org
984,(860)430-7170x82452,gilljoseph@example.com
985,9462223998,lloyddaniel@example.org
986,(927)361-7869x0930,welliott@example.com
987,(763)256-2419x63258,diana21@example.net
988,466-661-7383x062,qnewman@example.org
989,620.973.9253,brittanyshepherd@example.com
990,001-493-352-9632x096,dominiquesteele@example.net
991,9529779913,wheeleramanda@example.org
992,347.404.3922,tammyrichard@example.com
993,652-231-0726x752,kevin75@example.com
994,(851)975-7882x8875,billyjohnson@example.com
995,(384)370-6935x80462,taguilar@example.org
996,001-228-809-9883x4337,rachel35@example.org
997,(996)588-3291,fbeck@example.org
998,+1-345-684-9835x69642,rhondafitzpatrick@example.net
999,(450)530-5134x912,williamlane@example.com
1000,001-544-300-2359x9925,heather91@example.org
