emergency_contact_id,phone,email
1,+1-844-233-7013,lauraduncan@example.com
2,5774262743,mdominguez@example.org
3,222.635.1469x939,vcooley@example.net
4,+1-438-710-2504x0314,swolfe@example.org
5,823-369-0693x0337,sototimothy@example.net
6,524-503-8843,welchkyle@example.net
7,001-305-276-9759x37262,maguirre@example.com
8,771.407.1346x671,ubrown@example.com
9,(921)838-4663x297,udiaz@example.net
10,3518017069,jacobgarcia@example.org
11,4739910894,susanlopez@example.org
12,978-515-6406x415,joe26@example.net
13,478.447.4282x6465,scook@example.net
14,+1-393-389-0413x39273,andrea83@example.net
15,001-906-784-3075x4773,wsloan@example.org
16,001-598-314-7307,millerlevi@example.com
17,853-737-3634,nicolemitchell@example.org
18,001-682-825-0673x84901,connor52@example.net
19,473.910.1670x6515,nathan48@example.com
20,+1-988-385-6373x2144,solomonsamantha@example.com
21,+1-542-753-1221x067,austin54@example.org
22,519-442-3205,egibson@example.com
23,578.345.0505,dmoore@example.com
24,(738)311-0795x12234,hortonalan@example.net
25,001-971-367-5278x26559,kimberly47@example.org
26,593.350.3696x8726,belliott@example.net
27,8175378053,jameshayes@example.com
28,(274)386-1884,peter74@example.net
29,(631)816-2869,mitchellpotter@example.com
30,787-373-4071,millerelizabeth@example.net
31,001-856-845-2390x006,blake99@example.net
32,001-323-652-0305x1344,campbelltaylor@example.com
33,001-877-846-5769x5711,olee@example.org
34,376.232.6042x747,maureenturner@example.com
35,001-910-597-7992,fshea@example.com
36,(946)441-9953,carol13@example.org
37,274-201-3526,karengonzales@example.net
38,387-587-2709x1298,rpham@example.org
39,001-949-339-7973x3355,anthony85@example.net
40,971.330.9043x9405,hughesbrandon@example.com
41,697.346.4815x5447,charles45@example.net
42,+1-956-343-7559x7286,onunez@example.com
43,438.202.9371x9499,connie39@example.com
44,8828988507,stewartjudy@example.com
45,205.951.2449x40605,hdean@example.net
46,673.863.1609,wpatton@example.com
47,860-785-9847,jason82@example.com
48,+1-857-641-8994x6064,perezwilliam@example.net
49,+1-646-750-6794x689,haneymegan@example.org
50,(787)290-7662x507,harriscolleen@example.org
51,001-558-489-9556x67379,juliemartinez@example.com
52,646-571-9600,david66@example.net
53,822.770.7460,erin11@example.com
54,974-847-3738x634,smartinez@example.net
55,(825)810-7894x960,ucook@example.com
56,001-848-820-5349,claudiacoleman@example.net
57,(532)678-4498x619,jessica18@example.org
58,001-782-337-3572x10913,margaret03@example.net
59,001-234-977-7039x930,catherinepowell@example.com
60,618.412.3936,tchapman@example.org
61,001-268-813-8213x66754,rothdonna@example.net
62,+1-733-816-0560x50294,brendafoley@example.org
63,001-450-436-2533x827,alexanderspencer@example.org
64,898.742.6932,matthew90@example.net
65,001-289-749-9752x0627,erin59@example.org
66,558.391.0125,tpope@example.net
67,341.589.7897x7603,herrerajames@example.com
68,(213)819-7888x764,gomezjames@example.com
69,6364774514,cguerra@example.net
70,001-778-633-6261x23655,tiffanywu@example.com
71,709.995.7464x2673,angelafreeman@example.com
72,(797)631-4000x452,frank17@example.org
73,(770)645-4596,moralesemily@example.com
74,(614)319-9871x411,fergusonsharon@example.net
75,687-974-4532,mclark@example.org
76,847.436.0495x1759,jason85@example.com
77,465-677-5138x090,fshah@example.org
78,+1-971-451-8074,pflowers@example.com
79,+1-943-515-2771,brewerbrian@example.com
80,618.650.3331,yholloway@example.net
81,287.876.3503,ttaylor@example.org
82,561-976-2519x90702,johnsonstefanie@example.org
83,001-614-610-4536x71127,taylorjohn@example.org
84,526.271.0695,marymoore@example.com
85,+1-365-537-7081x5964,kramos@example.org
86,(659)574-2758,michaelharrington@example.org
87,(732)468-7387x084,emoore@example.net
88,+1-635-630-2656x959,boltonchristina@example.org
89,001-313-934-5612x29438,savannah82@example.org
90,+1-864-826-5363x035,brendacole@example.net
91,001-752-309-3245x773,catherinepatel@example.org
92,001-418-716-5490x67858,rclark@example.com
93,(465)959-3154,dukesusan@example.net
94,386.769.6314x53343,fpollard@example.net
95,(669)342-8779x25768,jonathanwilson@example.com
96,001-869-704-4543x96223,rodriguezkristopher@example.net
97,+1-673-201-5815x381,escobarcindy@example.com
98,(991)896-5975x556,scottrobertson@example.com
99,606-732-6654,hawkinskristin@example.net
100,+1-555-226-0096x842,rjohnson@example.org
101,(792)862-0115x445,calvin69@example.org
102,001-212-235-7710x056,elizabethmullins@example.net
103,975-915-9813x0309,rpaul@example.org
104,767.300.6448,xcooper@example.com
105,(582)911-9407x209,brownmitchell@example.com
106,813-919-8237,aliciawilliams@example.org
107,8224608038,vbridges@example.org
108,001-404-922-0811x5541,lross@example.net
109,517-809-4742,pwilliams@example.com
110,001-272-915-3398x19745,michael51@example.org
111,001-268-610-4466x065,jennifer47@example.com
112,(864)899-9554x171,mary30@example.org
113,001-213-793-1728x418,mcbridejessica@example.net
114,+1-822-681-3064x2899,swelch@example.org
115,+1-639-204-7439x786,nskinner@example.com
116,001-583-392-6522x719,michael07@example.net
117,001-324-367-0386x1840,vshelton@example.com
118,+1-644-603-9164x0238,bradleytimothy@example.org
119,814.622.2623,bryantstephanie@example.net
120,(378)663-2822x81728,juan27@example.com
121,4844328255,ashleyhopkins@example.com
122,978.458.2905x7849,iwilliams@example.com
123,001-301-919-5571,rebeccakramer@example.net
124,001-382-663-1878x6881,javierlewis@example.com
125,(939)817-9476,jmassey@example.net
126,443.352.3956x1555,isabella45@example.com
127,(781)455-1856x09719,justinhodge@example.org
128,453-970-8275x3680,hcantrell@example.com
129,614.996.0750x8442,rjohnson@example.com
130,380.617.1895x031,jonesbryan@example.net
131,(738)408-0650,garciamartha@example.net
132,(634)219-3862x7502,qjohnson@example.com
133,982.464.8952x290,elizabeth84@example.com
134,+1-689-227-4352x4160,uburton@example.com
135,001-482-763-9854,ywhite@example.org
136,623-499-8014x981,smithmorgan@example.com
137,751-640-2746,april56@example.org
138,001-316-749-5489x17184,scotteric@example.org
139,207-713-8296,jvincent@example.net
140,403-238-3786x6405,michelleholder@example.net
141,(379)532-6273,danielhernandez@example.com
142,(664)906-7339x733,spencer19@example.org
143,522-856-5538,maryrowe@example.net
144,001-717-724-6323,hickskrista@example.com
145,693-947-5969x6981,stephenwagner@example.org
146,(680)264-6051x1550,brittneypadilla@example.com
147,923.236.4711x715,andrewoods@example.com
148,878.804.0281,steven63@example.net
149,(885)229-9217,brandongomez@example.org
150,(907)894-0137,pauljacobs@example.org
151,4777364453,thompsontracy@example.net
152,001-587-624-3681x7549,dominguezjohn@example.org
153,561.863.4162,monicaguerrero@example.com
154,393.224.6871,bensonbrandon@example.net
155,6849553417,xwilliams@example.org
156,212.751.4475x8683,christopher04@example.com
157,(988)494-2703,moralesbrian@example.com
158,001-348-234-0898x066,marcnunez@example.org
159,+1-343-773-2711,fernandezdaniel@example.org
160,577.545.3716,elizabethrojas@example.net
161,+1-312-263-6026,teresa73@example.com
162,2795671873,duane08@example.com
163,(762)793-8864x6709,whitney16@example.org
164,(722)389-6900x00976,guerrameghan@example.net
165,(281)842-6574x30970,jamesstout@example.net
166,891-532-4948,edward09@example.com
167,7917195339,jsilva@example.net
168,+1-980-231-7782x0395,david69@example.org
169,(723)981-0993,molly88@example.net
170,(791)777-2642x121,nicole36@example.com
171,270-925-1536,perezcatherine@example.com
172,859.305.7514,cooperemily@example.org
173,(876)825-1089x03868,sheltonderek@example.net
174,001-244-608-7231,rhondajones@example.org
175,428.713.9772x564,wfrazier@example.net
176,373.457.4719x672,johnspaul@example.com
177,507-463-9078x7041,lindsayneal@example.org
178,876-807-2725x378,tknox@example.org
179,561.342.2523x25504,zmclaughlin@example.com
180,(720)698-5640x4239,simmonstheresa@example.com
181,881.805.5322x493,dhood@example.com
182,+1-880-601-4995,davidanderson@example.com
183,718-527-3576x063,pjones@example.net
184,(423)479-9619x9617,emilycruz@example.net
185,(577)799-8319,adamleon@example.net
186,709-590-2838,tina40@example.com
187,+1-865-777-7955x81202,spencerdaniel@example.com
188,+1-829-470-9215,bdavidson@example.org
189,8162165540,briansmith@example.com
190,208-697-9747x268,davidhurley@example.com
191,+1-879-412-4249x8464,brett53@example.org
192,(567)839-4379x09800,owalker@example.org
193,+1-636-663-5759x460,ericsmith@example.org
194,758.333.7605x6656,bryanbrady@example.org
195,304-879-5412x0506,cstewart@example.com
196,001-769-931-3699x011,hayden92@example.com
197,239.255.0241,aliciaknight@example.org
198,(232)465-7949x9817,oliviareyes@example.net
199,859.677.7926,lyoung@example.com
200,(615)213-0442,zibarra@example.org
201,001-711-265-7317x92656,jeffingram@example.org
202,672-303-4961x60242,bill25@example.net
203,3019432321,mharris@example.net
204,(904)625-4843,cynthiaobrien@example.net
205,808.242.8885x2351,duncanheather@example.org
206,727.950.3728x420,thomas74@example.net
207,+1-247-694-9387x852,boyergregory@example.net
208,465-835-6995x74429,amandajohnston@example.net
209,326.604.9810x611,aramsey@example.net
210,(881)813-9926x5866,sguerrero@example.net
211,908.851.9569x165,yconley@example.org
212,268-742-7953x10418,singhrobert@example.org
213,(946)553-6434,teresa84@example.net
214,001-766-895-9173x21943,johnsonerin@example.com
215,991.951.6951x4905,amiller@example.net
216,735-610-5118,qpatel@example.net
217,690.574.1364x56221,prussell@example.net
218,684.993.0440,raymondgraham@example.net
219,546-313-1591x0101,oherrera@example.org
220,+1-532-972-2978x10301,frazierleslie@example.org
221,+1-602-885-8043x758,marydixon@example.org
222,434.779.6565x6477,maria61@example.com
223,+1-373-856-8720x7910,judymendoza@example.com
224,3038355881,kennedyjennifer@example.net
225,981-530-7985x08515,justincaldwell@example.com
226,001-440-416-5811x042,glassmason@example.net
227,+1-881-813-3622x4190,williamlester@example.com
228,(299)854-8267x5921,jason26@example.org
229,823.487.6801x8235,ernest62@example.org
230,290-590-1118,micheleriddle@example.org
231,001-749-456-2027x0830,ljohnson@example.org
232,+1-396-514-4768x2130,heathersalinas@example.org
233,(949)412-4033x4809,william45@example.org
234,363-915-2527x01302,nicole19@example.net
235,794-571-3406x353,calvinknox@example.com
236,+1-519-722-5352,cindygraham@example.org
237,+1-723-896-5180x57888,xhopkins@example.org
238,982.458.9233x4974,bmclaughlin@example.net
239,776-704-6495,austinhamilton@example.com
240,001-240-345-3052x9692,linanthony@example.org
241,(723)845-1221x4125,gilbertdeborah@example.org
242,361-769-7788,parkcatherine@example.org
243,001-230-823-9191x715,jeremy81@example.org
244,598-537-0174x4122,lindsey60@example.org
245,289.666.2158,jillgutierrez@example.org
246,(985)289-2497x7690,oblake@example.org
247,976-754-6111,rmiller@example.org
248,777.823.3012x661,lopezrobert@example.net
249,+1-628-694-5799,lsmith@example.org
250,3339751303,normanwhitney@example.org
251,974.333.4246,noneill@example.net
252,212-850-6978x859,marywalker@example.com
253,8176038363,annawest@example.org
254,+1-506-399-0703,msmith@example.net
255,828-529-8868,johnstonkristen@example.org
256,686-234-6942,colemallory@example.org
257,+1-640-884-1320x047,xgraham@example.org
258,413.583.3549x37275,bruce20@example.net
259,665.680.4745x25305,areed@example.org
260,477-643-1200x218,ryan14@example.com
261,717.539.2790x5780,fthompson@example.org
262,+1-694-705-5704x52308,hilllaurie@example.net
263,611-774-0578x03452,itorres@example.org
264,+1-657-914-2272,victorhughes@example.net
265,+1-988-760-1523x976,mckaydaniel@example.com
266,(544)852-0449x7302,kristina61@example.com
267,001-846-348-7093x2625,kathleenramirez@example.net
268,(601)249-6513,amymerritt@example.net
269,762-375-8175x510,matthew06@example.org
270,001-687-666-3285x8864,jacoblam@example.org
271,355.694.4394x1966,matthewbennett@example.com
272,320.695.3276x882,awilliams@example.com
273,983-548-3067,powellcharles@example.org
274,(821)376-5125x2135,taylorreynolds@example.com
275,732.897.7195x10273,clarknatalie@example.com
276,001-429-674-8421,hperez@example.org
277,284-243-1880,usmith@example.com
278,647.972.5052,brandyrosales@example.org
279,(509)997-6620x24150,adam86@example.net
280,902-252-5042,ylittle@example.net
281,001-985-466-0198x17734,curtis03@example.org
282,565-636-9436,mburnett@example.org
283,922-546-7682,deborahmack@example.com
284,530-379-4803x2359,ndavidson@example.com
285,(637)813-5779x6182,brewermichael@example.net
286,001-828-500-5297x088,tvargas@example.net
287,(608)948-5909x993,ricardoburns@example.org
288,477-518-8719,christinegarrett@example.net
289,(485)367-3298,abbotthannah@example.org
290,8009303323,danielle45@example.net
291,238.646.6720,thomaswong@example.net
292,001-726-740-6919,pamelamiller@example.com
293,(507)627-5677x923,wendy44@example.com
294,249-671-4004x2067,cfrazier@example.net
295,4849036742,lindabishop@example.org
296,001-409-853-8492x0853,johnsonjulia@example.net
297,656-685-8185,joseph17@example.com
298,+1-667-498-3850x3575,uclarke@example.net
299,728.793.7233,alan63@example.org
300,(380)782-6602,allen44@example.com
301,301-629-8907,tammy79@example.org
302,(691)579-1312x8117,salazarthomas@example.net
303,587-285-4765,jonbrennan@example.net
304,001-226-641-5054,billybarry@example.com
305,(890)446-4668x30736,jesusedwards@example.org
306,+1-965-769-6382x943,andreacooper@example.net
307,239-340-4926x44593,wonggeorge@example.net
308,497.499.0570x9398,christina60@example.org
309,343-643-8770x7719,omendoza@example.org
310,6618456072,dixonwilliam@example.net
311,5493254444,steven07@example.com
312,389-448-1519x0332,torresmaria@example.org
313,001-260-778-4292x2812,scottbrown@example.net
314,513-614-6692,martin57@example.net
315,+1-987-916-8377x3937,waterskelsey@example.net
316,001-739-502-1510x2628,francisnicholas@example.com
317,+1-636-428-3098x355,janet63@example.net
318,+1-582-219-3933x117,balljohn@example.com
319,938-371-3059,aaron05@example.net
320,779-466-2729,amyjordan@example.net
321,7576692039,gonzalezmckenzie@example.net
322,+1-237-487-2726x38569,devondawson@example.com
323,001-823-634-5591,wendy16@example.net
324,8784108302,crystal49@example.com
325,+1-895-480-7686x961,madams@example.org
326,845.446.8495x05143,ebrooks@example.org
327,(789)229-5369x885,harrisonbrandon@example.com
328,001-309-211-3453x9346,michael53@example.org
329,(332)882-5698x7919,rcooper@example.com
330,395.354.0941,mgreen@example.net
331,566-948-3408x061,brandistewart@example.com
332,4262533522,fischerchristopher@example.com
333,5408960603,ryan86@example.net
334,(873)961-8877,jyoung@example.com
335,925.444.7221,jeffreygonzalez@example.com
336,001-476-799-1786,jared52@example.com
337,(798)847-7845x9199,katherine51@example.net
338,471.269.3130x0664,scott44@example.com
339,(446)975-3550x29509,whiteemily@example.net
340,635-847-4296,rossjohn@example.org
341,453.755.9970,luis12@example.net
342,4524616128,janetramirez@example.com
343,225-576-7005,lopezbrooke@example.net
344,438.861.0032x7409,annettenguyen@example.com
345,(276)334-2156,steven95@example.org
346,001-594-592-6351x623,kathryn54@example.com
347,001-585-308-6528,valvarez@example.net
348,+1-668-648-0698x215,scottmichael@example.org
349,+1-753-915-0089x5139,mcphersonjoanna@example.org
350,3157032888,jeanne90@example.com
351,5202476635,adamswilliam@example.org
352,351-604-7760,zacharybooth@example.com
353,+1-934-813-1463x09157,oryan@example.com
354,+1-259-679-6258,morenomichael@example.net
355,+1-350-642-0021x1187,cpatterson@example.net
356,385-921-3923,anthonycalhoun@example.org
357,+1-641-981-1373x5446,alicia72@example.com
358,(576)594-8851x1861,gperez@example.net
359,(751)923-3857,lopezlynn@example.net
360,001-737-697-9816x7012,reevesholly@example.org
361,596-908-8812,anthony18@example.net
362,(392)858-1943x52255,bryandyer@example.com
363,+1-601-814-9217,lindamason@example.net
364,(752)741-4979x217,joybrown@example.org
365,481.616.7053,kevinadams@example.org
366,351-515-8401,wrightleonard@example.net
367,(703)361-4565,osmith@example.com
368,981-797-2930,amandacosta@example.com
369,001-255-701-5522x72744,slawson@example.net
370,673-403-7190x767,misty77@example.net
371,404.885.0919,ityler@example.com
372,5285758238,whitney07@example.net
373,323-302-5073x659,thomashenry@example.com
374,(301)559-9988x6328,smithcory@example.org
375,+1-802-829-4838x67216,brownzachary@example.org
376,829-370-5901,ejimenez@example.net
377,001-954-899-5579x859,poolewhitney@example.net
378,418.246.7555,thomaslambert@example.com
379,(826)804-5496x205,wsanders@example.net
380,444-423-3318x93104,gkelly@example.com
381,001-568-274-8524,corey15@example.com
382,001-397-424-5935x18059,doughertymichael@example.com
383,(604)221-2751,matthewfisher@example.org
384,001-587-518-2639x544,michaelvincent@example.org
385,315-440-8741x27043,morganchristopher@example.org
386,478.778.6616x125,joshua69@example.com
387,569.665.7742x744,joneswalter@example.org
388,801-702-5808x655,zrodriguez@example.org
389,(667)836-6325x909,eric00@example.com
390,222.918.6789x9143,matthew15@example.org
391,(866)455-9708,barajaskelly@example.org
392,+1-737-525-6365x33479,clinekathy@example.net
393,(937)580-4364,ehopkins@example.org
394,970.640.3956,gacosta@example.org
395,+1-900-678-2643x389,jeremychandler@example.org
396,538-758-9930x76413,angela31@example.net
397,728-658-9324x5285,yoliver@example.net
398,611.244.8489,smills@example.com
399,706.868.7845x323,rosesoto@example.net
400,6484735367,castilloyvette@example.net
401,+1-591-485-3120x590,danielleshaffer@example.net
402,(855)758-4326x2312,tina24@example.org
403,585-297-6603,huntjonathan@example.org
404,394.444.3060x64189,kayla60@example.org
405,+1-969-237-3826,robert13@example.net
406,439-837-0135x6027,adam11@example.com
407,305-946-0351,bdowns@example.org
408,3816448916,dmontoya@example.org
409,7054628301,carpenterdarlene@example.com
410,544.996.3243x077,andersoncharles@example.org
411,721.385.5527,christinewilliams@example.org
412,(890)488-6486x9058,adamsjulie@example.com
413,(604)982-4035,fernandezshane@example.com
414,(327)962-9611x1977,davidlewis@example.com
415,500.930.2076x71148,collinsangelica@example.net
416,791-979-0701,juanhernandez@example.net
417,576.228.3247,xrichardson@example.com
418,965.706.6224x57576,william04@example.net
419,336.292.0433,karen62@example.com
420,7836216725,floreskelly@example.com
421,(579)200-6879,kennethtran@example.net
422,(518)684-0773x5562,deannamartin@example.net
423,3573758273,tinarandolph@example.org
424,8235115996,vasquezbryan@example.org
425,001-471-873-7484x685,sedwards@example.net
426,(810)420-3009x781,iwebb@example.net
427,+1-784-487-2881x664,karen60@example.net
428,3279536194,donald76@example.com
429,+1-828-394-8190x576,robertsadam@example.com
430,401.362.8312,dixondeborah@example.net
431,+1-894-594-2769x977,austinfranklin@example.net
432,001-831-364-4531x358,mjordan@example.com
433,482-895-4354,faulknerjulia@example.com
434,001-217-967-5856,mmitchell@example.net
435,(236)591-4570,santossteven@example.net
436,290-295-8299x8594,aaron45@example.net
437,905.849.8402,lori48@example.net
438,697.869.3851,youngdaniel@example.com
439,290-637-7496x88823,kelseydickerson@example.org
440,001-299-393-3084x015,whitedaisy@example.com
441,233-877-8738,foxsarah@example.com
442,001-404-653-7554x7789,brittany88@example.org
443,+1-324-555-0350x6649,williamsjohn@example.org
444,(894)451-4379x04994,samanthahall@example.net
445,5396592097,jared02@example.com
446,001-742-585-2173x92635,alicia81@example.net
447,(278)920-6404x135,xsolis@example.net
448,(380)502-0075x30492,znguyen@example.net
449,945-936-4087x3341,davisjohn@example.net
450,+1-690-507-5368x11854,kevinnunez@example.org
451,(932)338-7454x277,smallsusan@example.com
452,863-824-1873,juliapeck@example.com
453,(911)493-3602x8365,wrogers@example.net
454,(536)229-0610,lisa95@example.net
455,313-668-3559x683,rebeccapearson@example.org
456,(548)249-5307x22851,johnsonjoshua@example.org
457,+1-538-784-3728x0411,robertescobar@example.org
458,001-432-683-6047x7757,omartin@example.org
459,(299)657-3880x8002,fwalker@example.com
460,(703)851-6114x87602,aliciasmith@example.com
461,521.543.1431x45713,tonyponce@example.net
462,+1-681-657-6833x66572,philipewing@example.com
463,+1-819-248-0419x938,beckertracy@example.com
464,001-635-452-1178,johnsoncarlos@example.com
465,532-271-7488x9544,younglaura@example.org
466,435-633-1983x7582,nancy39@example.com
467,675-733-7267x256,millersuzanne@example.net
468,001-681-921-6712x7960,joshuapalmer@example.net
469,(542)218-2378,connorvasquez@example.net
470,+1-445-756-5426,rebeccasalas@example.net
471,428.358.2320x6808,simmonsgina@example.org
472,734-867-7087x53331,brandy75@example.com
473,(228)375-8985x827,rebecca66@example.com
474,001-344-690-0137,ashleygrant@example.org
475,837-334-8725,michael72@example.com
476,001-299-570-2211x0889,wkeller@example.net
477,+1-806-937-5111x4489,julian04@example.com
478,+1-259-355-7774x0309,ryan57@example.net
479,302-389-4361x646,stacie63@example.org
480,001-669-806-0357,rhondalee@example.org
481,345-498-3877,jonathon70@example.net
482,516-951-4629,hpark@example.org
483,(217)759-4462x7701,nwalsh@example.com
484,+1-302-897-2646x680,jamesdavis@example.com
485,001-552-869-6732x01587,richard09@example.org
486,001-411-372-3059x15856,michelesnyder@example.org
487,636.208.2069x0759,shermanerik@example.com
488,4662548866,powelltimothy@example.com
489,(485)325-8885x03815,robinsonbob@example.net
490,001-469-532-5110x5349,datkinson@example.org
491,(228)633-3966x46078,andrew80@example.com
492,953.573.1189,andrea34@example.net
493,3892303850,jason44@example.org
494,(823)608-4043x1293,xlowe@example.net
495,+1-897-812-4590,aedwards@example.com
496,356-928-9083x057,petermyers@example.org
497,656-811-8530x8972,kimberlymontgomery@example.org
498,001-462-893-8177x34165,obarnes@example.net
499,+1-285-759-0240x9232,bwatts@example.com
500,001-814-850-1566,xsmith@example.com
501,(997)797-4534,catherine04@example.org
502,395.933.9950,clarkchelsea@example.org
503,(408)785-1221x92674,jordantracy@example.com
504,700-912-5170x05819,powelljohn@example.org
505,+1-917-480-3742,alexander64@example.com
506,753.691.1225x425,wsweeney@example.org
507,874-608-4130x10346,esanchez@example.com
508,670-592-3793x3298,brandon98@example.net
509,+1-347-301-9502x31699,ricky27@example.net
510,590-978-4501x002,geraldlopez@example.com
511,552-256-4503x59066,perezchristopher@example.org
512,4539555479,ismith@example.net
513,+1-546-952-3982,brandonbrowning@example.net
514,(788)426-9373,jennifer08@example.org
515,+1-612-530-0396x16686,hward@example.net
516,872.699.6372,steven81@example.com
517,9725498467,patricialee@example.org
518,001-211-263-7457x350,umarshall@example.com
519,756-453-8062x460,gregory29@example.com
520,+1-623-794-8497x1464,acosta@example.org
521,(993)431-1643x501,yparrish@example.net
522,001-442-899-7767x18342,aho@example.com
523,(804)266-0383x95883,qlopez@example.net
524,908-533-0629x41814,schultzandrew@example.com
525,729-370-8431x85416,kwilson@example.com
526,717.279.4294,padillaelizabeth@example.com
527,339-624-0256,xhardy@example.net
528,943.475.0240x9517,xroberts@example.org
529,001-342-233-7658x623,hjohnson@example.net
530,001-560-682-4717x05939,wpatterson@example.com
531,(278)852-9083x91599,gcook@example.com
532,+1-798-740-5236x738,lpearson@example.org
533,001-795-260-0959x182,collinsandrew@example.org
534,750.671.1699x317,alexanderaustin@example.net
535,+1-883-688-5049,vmyers@example.net
536,(918)750-8478x059,welchwilliam@example.net
537,338-435-6452,yswanson@example.org
538,298-538-2674x022,kyle65@example.net
539,(241)910-0696,martinhubbard@example.org
540,001-438-394-6634x91014,patrick02@example.com
541,507.840.0304,james19@example.net
542,+1-861-282-9964x54184,timothymoody@example.com
543,(875)974-0816,ohaynes@example.com
544,+1-655-450-7625,michael63@example.org
545,001-993-456-3703x468,kwang@example.com
546,+1-767-864-9707x89062,vincentperry@example.net
547,617-809-7818x998,hmartin@example.net
548,+1-213-663-0770x9533,tonywashington@example.org
549,280-703-9228x077,wyatt39@example.net
550,(314)232-1599x81502,gillkyle@example.org
551,967.284.5371,natashafranklin@example.org
552,231-249-2801x7829,lambertlisa@example.com
553,9916145626,joanchaney@example.com
554,869.465.4527x146,ramseykim@example.org
555,374-960-9166x9508,walkerwilliam@example.net
556,310.959.7365x549,longeric@example.org
557,955-440-9631,martinezcatherine@example.org
558,8584382408,tmeza@example.org
559,2587276482,devinblack@example.org
560,(288)649-2664x76068,roger44@example.org
561,(403)268-7135,butlerjohn@example.org
562,+1-335-358-1812x50833,roy08@example.net
563,(255)205-0422x553,ospence@example.net
564,5918269402,rpearson@example.com
565,460.522.4794,lisa57@example.net
566,+1-358-352-6701,jose22@example.com
567,296-772-6493x62008,mhodges@example.net
568,(958)942-3639x748,hlittle@example.net
569,001-752-979-2977,williamsalex@example.org
570,613-233-0919x908,davidchoi@example.org
571,494.256.1616x9765,brian83@example.org
572,827-818-1343x13884,allenmiller@example.net
573,803.754.7805,megan38@example.com
574,817-220-8879,umendoza@example.org
575,483-933-7793x75416,martindenise@example.org
576,205.895.9863,cynthiaallen@example.net
577,323.926.7434,marc73@example.org
578,8898790621,ocruz@example.net
579,6894983380,roberto80@example.com
580,5636337762,webbcarolyn@example.org
581,(855)737-2551,bartlettmichael@example.org
582,(834)755-1979x31489,jamesfletcher@example.org
583,968.720.0365x69210,robert12@example.net
584,001-927-413-4144x62957,murphykaitlyn@example.org
585,4132193088,emiller@example.com
586,(691)448-1828x83515,gmanning@example.com
587,613-679-1637,hayescorey@example.org
588,604.337.3488,brownsarah@example.org
589,+1-800-742-4066x00524,jcampos@example.com
590,001-867-747-4598x615,tammy35@example.org
591,398-486-8733,perezandrew@example.org
592,392.475.3280,pphillips@example.org
593,301-612-8872,alexis53@example.org
594,9716401012,vhenry@example.com
595,462-244-8634,fsullivan@example.org
596,6634286879,monicajohnson@example.com
597,470.275.3711x6998,alvarezbryan@example.net
598,446.852.6157,tina32@example.com
599,(858)715-6396x010,vbradshaw@example.org
600,825-286-9806x935,melissa11@example.org
601,9183571797,jacobcarter@example.org
602,6756213913,sararivera@example.net
603,(528)828-2398x825,lauracantu@example.com
604,+1-885-810-2972x56279,marshalllarry@example.com
605,(725)351-8931,riverakathy@example.net
606,001-253-450-5084x8960,millersteven@example.com
607,776.773.1042,princechristopher@example.net
608,+1-534-637-4437x37848,chadcarney@example.net
609,(257)807-7156x95251,katiecooke@example.net
610,226.356.9908x9237,jeffreygreen@example.net
611,(537)210-4307x66795,vbryant@example.org
612,506-975-4418,smithjames@example.org
613,861-720-8821x1207,scott71@example.org
614,+1-211-646-3006x79701,btucker@example.com
615,001-777-209-2736x204,lunadavid@example.org
616,8233209726,armstrongjoseph@example.com
617,+1-946-691-5577,bwilson@example.net
618,(402)797-1015,anthonydiaz@example.com
619,219-308-8801x212,sherrijohnson@example.org
620,+1-532-259-8061x131,qmonroe@example.net
621,972-877-9883x096,caincharles@example.org
622,347-609-3662x99710,james48@example.org
623,(228)617-7155x02249,garciajoseph@example.net
624,(381)666-2301,astevens@example.com
625,+1-352-774-8591x6936,johnzimmerman@example.org
626,9945416090,forr@example.net
627,256.551.6509x554,asalazar@example.com
628,230-796-3168,gmartin@example.org
629,896.804.3791x012,michaelrice@example.org
630,001-408-475-2005x48716,terrence31@example.org
631,+1-470-316-1141x11793,jbarr@example.net
632,938-362-1081x144,joseph16@example.com
633,379.693.3420,bullockmariah@example.org
634,642-903-4381x824,david96@example.org
635,657-966-8526x85331,carmen44@example.org
636,001-682-283-2225,cgalloway@example.org
637,(664)461-4870,paul57@example.org
638,+1-342-436-7658,fbrooks@example.net
639,(291)290-9969,allenphilip@example.net
640,476.979.1435x2976,parkerveronica@example.org
641,(944)526-2279,wjohnson@example.com
642,+1-301-271-9328x97828,christopher97@example.org
643,(841)921-1919x8514,ericawarren@example.org
644,+1-356-672-7706x96960,lcunningham@example.org
645,476.561.6471x1172,jillianpatel@example.net
646,(708)254-5478x6212,fsantiago@example.com
647,001-818-982-1142x6703,bhardy@example.org
648,001-266-302-6268x0888,crystal88@example.com
649,905-999-5235x20446,stokesdeanna@example.net
650,2772530785,jacksongregory@example.com
651,(714)612-6557,stephaniejohnson@example.com
652,+1-685-846-0942x83488,ulee@example.org
653,+1-627-909-4470x15435,catherine40@example.com
654,910.746.4031,travis74@example.org
655,001-506-461-3220,fdiaz@example.com
656,639.813.3082x0660,ynixon@example.com
657,760.528.1262x213,joshua46@example.org
658,799-784-3568,michele03@example.com
659,851-785-0184x0296,lisaramirez@example.com
660,388.417.8705x3831,jordanwong@example.com
661,636.613.7873x296,gregory53@example.net
662,001-401-776-5240x17310,michaellopez@example.net
663,4042085663,lharvey@example.net
664,(776)774-5315,mariamorris@example.org
665,9078193359,michael16@example.com
666,9835893084,kimberlyfarmer@example.com
667,+1-892-705-0367x008,daniellecummings@example.com
668,9984745002,sarafarrell@example.net
669,756.210.2087x47648,mitchellwendy@example.net
670,001-905-481-2712x550,brownjames@example.com
671,936-430-9335x801,ayoung@example.com
672,360.569.1254x89115,rspencer@example.net
673,001-824-639-1849x8869,christopher94@example.net
674,(754)496-7022,ryan94@example.org
675,001-620-875-4005,brian23@example.org
676,420.618.9321x421,dbarrett@example.org
677,633-609-7421,lawsonmary@example.net
678,(267)514-9437x36544,nflynn@example.org
679,945-229-6401x39432,kimberly92@example.com
680,001-443-657-3374x6977,adrianashepard@example.org
681,+1-676-204-0551x17762,ulee@example.net
682,863.446.8330x589,matthew18@example.org
683,+1-957-959-9091x7205,rmarshall@example.com
684,628.765.3464x281,kingjill@example.net
685,+1-227-252-6658x94263,fordemily@example.net
686,+1-311-930-5412x6831,edward58@example.com
687,+1-215-492-3498x70855,petersonchristopher@example.net
688,223-677-4246,yjohnson@example.net
689,771.674.5939x902,joseph18@example.org
690,001-245-468-9727x37508,kimberly69@example.com
691,(330)817-7043,eric52@example.com
692,550-441-2070x7951,freymark@example.net
693,001-461-377-9460x51706,wilsontrevor@example.net
694,898-447-4768x7719,olivia04@example.org
695,001-311-264-7619,halebrianna@example.com
696,226.243.6264x8541,jeremychoi@example.org
697,001-690-413-5969x1038,evansdavid@example.com
698,+1-949-824-9012x5190,carrdaniel@example.net
699,956.659.6875,dennisthompson@example.net
700,+1-722-841-3914,wrobinson@example.com
701,(542)214-9342,evan50@example.net
702,287.787.0748x60465,clarkmark@example.org
703,(601)347-8103x3393,mitchelltyrone@example.org
704,818-598-8240,zroach@example.net
705,+1-772-356-2465x729,wagnergeorge@example.net
706,866.680.6711,liuronnie@example.com
707,435-642-4285,katie12@example.net
708,(461)352-2905,emilymolina@example.org
709,001-986-796-0183x2963,maxwellwong@example.net
710,499-678-2014x5109,kgreen@example.net
711,+1-933-377-9145,kristenchen@example.org
712,380.300.8610,jeffreyelliott@example.net
713,361.248.7115x2480,hhopkins@example.net
714,711-646-6676x752,zachary96@example.net
715,001-783-212-4692x451,reidmichael@example.net
716,(801)210-5085x1138,ritanelson@example.org
717,(533)772-2721x0940,kthompson@example.com
718,(492)864-3989x18684,williamslisa@example.com
719,540.358.0862x02451,victorramirez@example.com
720,(775)911-2449x60227,richardvasquez@example.net
721,532-362-4242x4213,omorse@example.org
722,(603)661-2043x1319,fwhite@example.org
723,(425)977-7016x837,garrett08@example.com
724,584-616-0164,gerald87@example.com
725,9702570555,ryansimmons@example.net
726,001-944-926-2145x45412,fowlerfrancisco@example.com
727,(378)442-9423,ctravis@example.org
728,288-869-0571x4388,kimberly99@example.net
729,001-230-556-0229,hherman@example.com
730,+1-839-543-8708,hollandphyllis@example.com
731,757-609-0600x7424,higginskevin@example.net
732,001-847-498-6117x9365,smithkathryn@example.net
733,(217)996-3165x94285,phillipsscott@example.org
734,989-823-0550,stevenrowland@example.org
735,240-451-9079x8688,nicholsmaureen@example.com
736,001-731-329-1677x29682,rramos@example.net
737,503-626-0829,elainenicholson@example.org
738,(916)801-4697,tammy87@example.org
739,+1-538-506-1986,spencer67@example.com
740,(291)386-7949,kylehudson@example.org
741,567.508.3838x034,ian16@example.org
742,846-731-1371x2811,williamseric@example.com
743,+1-776-343-3715x326,griffithbrandon@example.com
744,001-200-339-6195x078,amy19@example.com
745,6693852679,mosserin@example.org
746,001-712-568-4697x583,hinesjames@example.org
747,533.552.4905,laura54@example.net
748,271.982.8052x170,zrichard@example.org
749,001-988-207-7485x4189,qshah@example.net
750,802.714.7522,bcowan@example.net
751,9923124611,epitts@example.org
752,(771)421-7495,andrewwilliams@example.net
753,001-748-750-4498x59295,sarahhaynes@example.net
754,533-785-2389,michelle57@example.com
755,001-985-751-5426x9254,chancraig@example.org
756,(972)255-5355,tgeorge@example.com
757,812-445-1578,wesleygraham@example.net
758,320.945.2546,cholmes@example.org
759,+1-708-785-8918x28807,sblack@example.com
760,337.947.6046,amymatthews@example.org
761,(241)640-5404,zcarlson@example.net
762,(830)684-1245,glendacombs@example.org
763,(382)788-0420,tranrhonda@example.org
764,+1-854-972-2625x65951,lisa69@example.net
765,001-438-254-6643,smithvictoria@example.net
766,+1-887-796-6472x6243,mezamark@example.com
767,001-477-367-8827,lmedina@example.org
768,(274)893-0254x607,troach@example.net
769,001-894-731-3563,kathy62@example.org
770,(307)653-8155x81344,seanwolf@example.net
771,001-269-883-3090x105,isosa@example.com
772,352.743.9062x9815,warnerdawn@example.org
773,+1-853-735-1116x782,karengraham@example.com
774,+1-706-543-3087x31691,hubbardchristopher@example.com
775,998.954.0441x321,xrandolph@example.org
776,001-821-906-1311x1102,sarah49@example.org
777,001-443-482-6997x848,pattersonanna@example.org
778,001-943-612-9781x2589,cunninghamlinda@example.com
779,578-549-0061,duartemark@example.org
780,+1-668-875-5280,gwalker@example.org
781,001-805-443-5232x804,josephalice@example.net
782,999-993-6843x517,nhenderson@example.net
783,583-265-8401,zgross@example.org
784,408.527.2788,lisa69@example.org
785,735.227.5290,kylenichols@example.org
786,931.702.5665,steven46@example.com
787,(340)321-3358x63693,jamesfisher@example.org
788,(802)342-9716x109,haynestammy@example.net
789,+1-779-599-5374x7053,rogerstara@example.net
790,(885)710-1544x5471,pwilliams@example.net
791,596.329.8861x6813,smitchell@example.net
792,(682)645-6787x268,mcintoshshane@example.net
793,(632)798-9290x509,njones@example.com
794,001-839-398-0187x5360,angel98@example.net
795,(338)529-2615x638,adamchambers@example.org
796,714-310-0705x087,dhanson@example.com
797,4133855559,rachelpeters@example.org
798,001-824-564-9491x7194,zfuentes@example.com
799,001-321-640-1521x00578,swilliams@example.com
800,880-571-1218x64173,dustin43@example.net
801,001-420-416-5485x0336,whitakerbeverly@example.org
802,367-262-1778,richard99@example.net
803,001-443-607-6510x36453,erika51@example.net
804,(255)642-5632x59476,andre52@example.com
805,+1-561-453-2369x561,patrick43@example.net
806,312.328.2978x13632,vmontgomery@example.org
807,895-849-2451x4557,jordan02@example.com
808,791.772.2125,brittneymedina@example.com
809,638.834.6576x23473,samantha63@example.org
810,379.410.9194,jameslopez@example.org
811,(898)660-1769x582,makayla30@example.net
812,(841)984-3671,denisesalazar@example.org
813,461.234.8394,barbaralewis@example.com
814,001-509-324-5112,snydermichele@example.com
815,001-535-582-1346x5992,john19@example.net
816,650.536.5074x980,chandlercody@example.net
817,(377)878-1797,qmorrison@example.com
818,930-404-0291,josephowens@example.com
819,(632)704-4151x553,mcguireblake@example.net
820,711-975-4194,bendersheryl@example.net
821,9724577928,danielnicholson@example.org
822,882-416-8544x219,garciavanessa@example.org
823,444-706-8047,brian25@example.net
824,001-924-513-9505x782,jessica64@example.org
825,+1-479-319-0325x4622,enorris@example.com
826,695-895-4458x77246,barrjoan@example.net
827,679-972-4295x6156,jeffrey99@example.org
828,876-221-1758x31556,laurenmcmillan@example.net
829,503.303.1932x297,elizabeth85@example.com
830,(890)528-4289,sgeorge@example.com
831,225.688.0189x168,mcguirejon@example.com
832,634.931.5836,gutierrezronnie@example.org
833,001-255-301-2769x22646,catherinecooley@example.net
834,(388)622-0354,ubrown@example.com
835,244-508-7895x68688,steven95@example.org
836,247.931.6663x318,andrewolson@example.org
837,(998)398-9259x5013,johndavis@example.net
838,630.407.4124,walkerwesley@example.com
839,+1-973-892-1143x054,erodriguez@example.org
840,001-276-772-8909,hortega@example.org
841,(447)582-0472x07216,mcintoshjessica@example.net
842,540.641.2166x686,mcguirelisa@example.org
843,423.728.2740x04608,ellisjonathan@example.net
844,584-674-8096,leeemily@example.com
845,695.863.8957x3014,bjones@example.org
846,972-965-9630,chad52@example.net
847,(619)748-1709x479,santiagokylie@example.org
848,5144203484,amandarodriguez@example.org
849,577-451-5217x08025,ckelly@example.org
850,(398)257-5623x89608,holly01@example.org
851,001-567-958-8418x187,ryancody@example.org
852,676.912.1300x97633,fergusonbrett@example.org
853,(349)446-9524x495,buchananshawn@example.net
854,(428)871-8478x9165,morrislori@example.org
855,520.534.7523x33983,jonesrebecca@example.net
856,001-450-493-6263x2667,berryfrank@example.net
857,(316)711-9780x2763,bwalters@example.com
858,(455)522-9900x026,ydeleon@example.net
859,229.310.0424x214,johnsonstephanie@example.net
860,9332625733,gary18@example.net
861,945-242-6854,meganvargas@example.com
862,001-675-481-8960x711,kphillips@example.org
863,001-674-942-3078x454,fbarton@example.org
864,697.761.5223,pamela63@example.net
865,+1-508-401-7736x08853,bowersjames@example.net
866,(427)360-2984,adamlopez@example.org
867,503.712.6449x31968,yoneill@example.org
868,001-459-531-7810x6656,hubbardandrew@example.com
869,+1-520-740-8716x4626,barnettjon@example.net
870,873-843-5983x63942,allen85@example.org
871,+1-300-922-6439x574,kduncan@example.com
872,+1-374-417-0727x43923,epierce@example.net
873,(316)923-3166x4595,andre03@example.com
874,001-360-514-0235x144,michael07@example.org
875,+1-283-326-6818x899,marybeck@example.org
876,+1-409-663-8383x05016,nmunoz@example.net
877,001-220-345-4221x77586,gibbsadam@example.net
878,(387)482-7448x8073,wigginsjared@example.net
879,804-314-2481x74388,tina95@example.com
880,001-421-960-6632x2032,nterrell@example.com
881,001-764-645-1807x51465,xhill@example.org
882,(849)244-9177x3185,sanchezanthony@example.net
883,+1-266-375-4164x27313,ncohen@example.org
884,(321)226-3782x80583,ncastro@example.net
885,+1-486-714-3951,alisonmoore@example.com
886,+1-485-710-5094x6500,rodriguezjo@example.net
887,+1-331-376-2242x89928,josephperkins@example.com
888,+1-534-728-6129x41940,adrianaroman@example.com
889,553-943-6408,mario33@example.com
890,(994)428-6714,mary92@example.com
891,647.743.0241,gomezjoel@example.com
892,251.302.1195,fernandeztodd@example.org
893,445.524.2924x81493,isaiahyoung@example.com
894,595.630.0178x0156,kjames@example.org
895,001-656-592-8681x0568,dwong@example.org
896,299.726.2740,matthewjacobson@example.net
897,292.310.9326,teresa49@example.com
898,649.913.2231,sdunn@example.com
899,(752)249-5656,melanie98@example.org
900,682-444-9257x894,xjones@example.com
901,275.601.3990x45642,johnsontimothy@example.net
902,(385)401-1612x479,nryan@example.net
903,+1-558-315-8908x0634,rthompson@example.com
904,9413067826,martinezpaul@example.org
905,+1-580-675-1149x640,whenderson@example.org
906,+1-501-693-1950x2776,brian88@example.com
907,917-384-4450x00430,bonniebrown@example.com
908,593-968-1707,kruegervanessa@example.com
909,001-383-629-6169x07424,kimberly38@example.org
910,+1-653-438-6752x7754,qsmith@example.com
911,(436)511-9768x0758,gdavis@example.com
912,(877)769-1210,adam50@example.org
913,318-311-0059x580,michael24@example.org
914,816-956-2671x4499,stephensjeremy@example.org
915,001-494-904-9463x7958,scottmiller@example.org
916,289-389-7972x274,lindsay57@example.net
917,254.557.8392x93354,castrovirginia@example.com
918,+1-615-497-1830x2321,rosswilliam@example.org
919,001-869-862-9026x62680,mfranklin@example.com
920,001-356-657-4901x294,swhite@example.com
921,001-995-914-7942x06397,brandonthomas@example.com
922,383-517-9002x9486,stephanie41@example.net
923,001-800-685-9668x42134,rebeccawilson@example.org
924,(750)324-9819x66486,johnsonandre@example.com
925,(548)780-2379,mark06@example.com
926,787.949.8051x0400,psmith@example.com
927,393.329.2470x28113,sherryadkins@example.com
928,(952)551-9849x3800,wallacetimothy@example.com
929,+1-943-298-1375x985,charles45@example.net
930,(616)416-6861,taylorthomas@example.net
931,565.342.7544x10169,katie76@example.net
932,(305)418-2796x31900,yturner@example.com
933,8735219254,vicki33@example.com
934,+1-408-884-0207x65898,mikegreene@example.com
935,990-420-4994,angela35@example.org
936,+1-696-959-4734x77167,markmyers@example.org
937,2054258391,williamsbrian@example.com
938,(292)884-3878x3238,wrichmond@example.com
939,986.761.4001,jennifer23@example.net
940,836.515.7505,cunninghammichelle@example.org
941,962-870-0935x6578,michelle74@example.org
942,001-242-996-0384x8979,emolina@example.net
943,+1-710-550-7577x431,uavery@example.net
944,(795)988-4614,hughesdevon@example.net
945,(785)731-2676x928,adamsjermaine@example.net
946,+1-740-473-1055x47249,michael21@example.org
947,(372)481-8552x050,timothybowman@example.net
948,(970)463-9717x8803,tabitha30@example.net
949,893-879-5120,bushallison@example.net
950,001-924-935-3013,odomjoseph@example.org
951,633-770-9122x228,henrygraves@example.org
952,001-701-642-9392,benjamin15@example.org
953,527.777.6321x293,shawna07@example.com
954,001-764-209-7183x941,shortcynthia@example.org
955,+1-514-605-2453x78186,emilyjohnson@example.net
956,(256)692-4691,manningbrandon@example.net
957,312-390-4443,mark54@example.org
958,001-490-790-2475,carrie23@example.net
959,001-539-855-0581,dylanbowman@example.net
960,533-824-8201x7160,angela48@example.org
961,299.959.6464,xcooper@example.net
962,2235276500,richardsonaaron@example.com
963,5759282546,lindathompson@example.net
964,+1-716-998-0498,dwood@example.com
965,5586706046,jackiewagner@example.com
966,001-836-922-2387x906,crystalhoffman@example.net
967,(778)728-2447x26219,jill76@example.net
968,001-247-680-1638x3728,alejandro46@example.com
969,(591)480-4431x56290,erin67@example.org
970,269-936-4683,bobbyruiz@example.org
971,711.366.6917x711,carrolljoseph@example.org
972,(218)561-4405x34858,michael43@example.org
973,284-455-8080,jamesholt@example.com
974,(463)916-4165x2681,irush@example.com
975,001-734-291-8205x77852,dawn23@example.org
976,281.722.3852x95537,juliebowman@example.com
977,(722)505-0605,cristinahardy@example.net
978,001-320-426-2945x378,marshallkimberly@example.com
979,403.923.4052,ashley18@example.net
980,936.402.7164x760,richardsoncorey@example.com
981,(884)436-3689,glennhart@example.com
982,+1-899-427-3003x00196,charles15@example.com
983,+1-887-869-9257,ericconley@example.net
984,001-269-912-6963x94910,oreid@example.com
985,728-723-5435x79137,bmontoya@example.com
986,758-300-3840,ashley07@example.com
987,637-779-1595,mark92@example.net
988,001-485-876-1610x55310,stephanie05@example.org
989,(552)320-6206x5163,tara77@example.org
990,460.835.9765x068,cassandramartinez@example.net
991,001-252-841-8097,kathryn81@example.org
992,935.662.2744x36799,megan93@example.net
993,488-849-9022x483,krobertson@example.org
994,+1-346-709-8544x489,turnerjames@example.org
995,001-319-978-2881x4535,stewartbrian@example.org
996,2253749756,barbara95@example.net
997,001-200-646-0354,ccross@example.net
998,001-431-782-4995,cbullock@example.org
999,(674)860-8822x7560,irodriguez@example.net
1000,4796481226,garciadeanna@example.com
